,Flight,Trip,time,date,Time(cst),latitude,longitude,height_above_takeoff_ft,height_sonar,satellites,gpslevel,voltage, xSpeed, ySpeed, zSpeed, pitch, roll,rc_elevator,rc_aileron,rc_throttle,rc_rudder,battery_percent,current,battery_temperature,flycStateRaw,Payload,Temperature,dew_Point,Humidity,Wind angle,wind_speed,wind_gust,Line_Voltage_rating,AC,H_Field_mG,E_Field_V/m,lat_shift,lon_shift,alt_shift,dist_consecutive
1522,2,1,1,2022-08-11 15:03:06,2022-08-11 10:03:06,47.8602610524884,-97.0695566876996,0.0,0.0,22,5,24.868,0.0,0.0,0.0,1.1,0.8,0,0,0,0,89,6.095,98.96,41,1,74.5,54.166,49.34,135.0,9 mph,0 mph,69,1,1.7,66.8,47.8602611254261,-97.0695566158235,0.0,9.46938972504515e-05
1523,2,1,2,2022-08-11 15:03:07,2022-08-11 10:03:07,47.8602609321635,-97.0695567862077,0.0,0.0,23,5,24.904,0.0,0.0,0.0,1.1,0.8,0,0,16,0,89,2.235,98.96,10,1,74.5,54.166,49.34,135.0,9 mph,0 mph,69,1,1.7,66.6,47.8602610524884,-97.0695566876996,0.0,0.0002333200509481221
1524,2,1,3,2022-08-11 15:03:08,2022-08-11 10:03:08,47.8602610339892,-97.0695569236938,0.0,0.0,23,5,24.904,0.0,0.0,-0.447388,-1.1,-1.2,0,0,24,0,89,2.235,98.96,6,1,74.5,54.166,49.34,135.0,9 mph,0 mph,69,1,1.7,66.8,47.8602609321635,-97.0695567862077,0.0,0.00023401737023286668
1525,2,1,4,2022-08-11 15:03:09,2022-08-11 10:03:09,47.8602615304692,-97.0695573398495,2.624672,2.624672,23,5,24.776,0.0,0.0,-3.35541,-1.7,0.7,41,0,40,-18,89,14.814,98.96,6,1,74.5,54.166,49.34,135.0,9 mph,0 mph,69,1,1.7,67.1,47.8602610339892,-97.0695569236938,0.0,6.892920085952462
1526,2,1,5,2022-08-11 15:03:10,2022-08-11 10:03:10,47.8602662209096,-97.0695427670108,7.874016,7.545932,24,5,24.703,2.23694,4.921268,-2.684328,-22.1,0.7,89,0,33,-4,89,21.795,98.96,6,1,74.5,54.166,49.34,135.0,9 mph,0 mph,69,1,1.7,67.3,47.8602615304692,-97.0695573398495,2.624672,29.016646629698265
1527,2,1,6,2022-08-11 15:03:11,2022-08-11 10:03:11,47.8602834417025,-97.0694884204399,11.811024,11.48294,24,5,24.606,4.47388,11.408394,-2.460634,-19.1,9.1,75,0,40,34,89,24.942,98.96,6,1,74.5,54.166,49.34,135.0,9 mph,0 mph,69,1,1.6,67.0,47.8602662209096,-97.0695427670108,7.874016,35.70325739999717
1528,2,1,7,2022-08-11 15:03:12,2022-08-11 10:03:12,47.8602956037724,-97.0694086717761,17.060368,17.716536,24,5,24.594,2.013246,14.092722,-4.47388,-14.1,-3.3,56,-30,55,10,89,23.982,98.96,6,1,74.5,54.166,49.34,135.0,9 mph,0 mph,69,1,1.6,66.7,47.8602834417025,-97.0694884204399,11.811024,64.99319051320748
1529,2,1,8,2022-08-11 15:03:13,2022-08-11 10:03:13,47.8603066977475,-97.0693198398251,23.950132,27.230972,24,5,24.598,1.789552,15.211192,-4.697574,-8.2,2.5,37,-16,53,18,89,22.538,98.96,6,1,74.5,54.166,49.34,135.0,9 mph,0 mph,69,1,1.7,67.3,47.8602956037724,-97.0694086717761,17.060368,93.1729150966608
1530,2,1,9,2022-08-11 15:03:14,2022-08-11 10:03:14,47.8603133444263,-97.0692367678941,30.839896,36.745408,24,5,24.652,0.894776,11.408394,-3.131716,22.4,9.0,-6,0,33,0,89,17.587,98.96,6,1,74.5,54.166,49.34,135.0,9 mph,0 mph,69,1,1.8,66.8,47.8603066977475,-97.0693198398251,23.950132,86.65353105928574
1531,2,1,10,2022-08-11 15:03:15,2022-08-11 10:03:15,47.8603138834423,-97.0692015028801,34.44882,38.057744,23,5,24.662,-0.894776,3.579104,-1.565858,0.2,9.3,0,-8,26,62,89,15.137,98.96,6,1,74.5,54.166,49.34,135.0,9 mph,0 mph,69,1,1.7,66.7,47.8603133444263,-97.0692367678941,30.839896,19.990981030276064
1532,2,1,11,2022-08-11 15:03:16,2022-08-11 10:03:16,47.8603078881661,-97.0691871147281,37.073492,40.682416,24,5,24.637,-1.11847,1.565858,-1.11847,-1.8,0.4,0,-14,22,52,89,16.207,98.96,6,1,74.5,54.166,49.34,135.0,9 mph,0 mph,69,1,1.7,66.6,47.8603138834423,-97.0692015028801,34.44882,8.492361842869533
1533,2,1,12,2022-08-11 15:03:17,2022-08-11 10:03:17,47.8603038276306,-97.0691789668436,38.713912,43.307088,24,5,24.606,-0.894776,0.894776,-1.11847,0.0,0.9,0,0,2,0,89,18.792,98.96,6,1,74.5,54.166,49.34,135.0,9 mph,0 mph,69,1,1.7,66.7,47.8603078881661,-97.0691871147281,37.073492,3.2665208600413234
1534,2,1,13,2022-08-11 15:03:18,2022-08-11 10:03:18,47.8603020927318,-97.0691775909196,39.041996,43.307088,24,5,24.623,-0.223694,0.0,0.0,-1.5,-2.3,0,0,0,0,89,18.563,98.96,6,1,74.5,54.166,49.34,135.0,9 mph,0 mph,69,1,1.7,66.6,47.8603038276306,-97.0691789668436,38.713912,0.1554491072468012
1535,2,1,14,2022-08-11 15:03:19,2022-08-11 10:03:19,47.8603020251599,-97.0691777620131,39.37008,42.979004,24,5,24.605,0.0,0.0,0.0,-3.2,-1.5,0,0,0,-44,88,18.033,98.96,6,1,74.5,54.166,49.34,135.0,9 mph,0 mph,69,1,1.7,66.6,47.8603020927318,-97.0691775909196,39.041996,0.10785945863552616
1536,2,1,15,2022-08-11 15:03:20,2022-08-11 10:03:20,47.8603022468745,-97.0691781185773,39.37008,43.307088,24,5,24.622,0.0,0.0,0.0,-4.2,-0.7,0,0,1,-26,88,16.82,98.96,6,1,74.5,54.166,49.34,135.0,9 mph,0 mph,69,1,1.7,66.7,47.8603020251599,-97.0691777620131,39.37008,0.0013195652630870012
1537,2,1,16,2022-08-11 15:03:21,2022-08-11 10:03:21,47.8603024566193,-97.0691782461569,41.666668,45.93176,24,5,24.511,0.0,0.0,-3.35541,-3.3,-0.6,0,0,44,-3,88,24.619,98.96,6,1,74.5,54.166,49.34,135.0,9 mph,0 mph,69,1,1.6,67.0,47.8603022468745,-97.0691781185773,39.37008,5.274951444552038
1538,2,1,17,2022-08-11 15:03:22,2022-08-11 10:03:22,47.8603029872552,-97.0691786604077,46.259844,51.181104,24,5,24.56,0.0,0.0,-2.684328,-4.1,-0.9,0,0,36,-8,88,19.816,98.96,6,1,74.5,54.166,49.34,135.0,9 mph,0 mph,69,1,1.6,66.6,47.8603024566193,-97.0691782461569,41.666668,21.101707595646992
1539,2,1,18,2022-08-11 15:03:23,2022-08-11 10:03:23,47.8603034740469,-97.0691788842083,49.868768,55.446196,23,5,24.562,0.0,0.0,-1.565858,-5.2,-0.1,0,0,17,0,88,16.855,98.96,6,1,74.5,54.166,49.34,135.0,9 mph,0 mph,69,1,1.6,66.6,47.8603029872552,-97.0691786604077,46.259844,13.027542411802122
1540,2,1,19,2022-08-11 15:03:24,2022-08-11 10:03:24,47.8603033912797,-97.0691786925068,51.509188,57.086616,23,5,24.564,0.0,0.0,-0.671082,-3.6,0.1,0,0,18,0,88,15.462,98.96,6,1,74.5,54.166,49.34,135.0,9 mph,0 mph,69,1,1.6,66.8,47.8603034740469,-97.0691788842083,49.868768,2.69126822682341
1541,2,1,20,2022-08-11 15:03:25,2022-08-11 10:03:25,47.8603034248591,-97.0691785894677,52.821524,58.727036,23,5,24.607,0.0,0.0,-0.671082,4.0,-0.9,-54,-9,5,0,88,13.704,98.96,6,1,74.5,54.166,49.34,135.0,9 mph,0 mph,69,1,1.6,67.1,47.8603033912797,-97.0691786925068,51.509188,1.7222991618606436
1542,2,1,21,2022-08-11 15:03:26,2022-08-11 10:03:26,47.8603108656068,-97.0691925294582,53.477692,57.4147,23,5,24.587,3.131716,-3.802798,0.0,6.6,-1.8,-3,0,0,0,88,15.512,98.96,6,1,74.5,54.166,49.34,135.0,9 mph,0 mph,69,1,1.6,67.2,47.8603034248591,-97.0691785894677,52.821524,2.2030330281327615
1543,2,1,22,2022-08-11 15:03:27,2022-08-11 10:03:27,47.860320293017,-97.0692093445597,53.805776,56.758532,23,5,24.578,0.671082,-0.894776,-0.223694,-10.8,-0.5,0,0,0,0,88,21.005,98.96,6,1,74.5,54.166,49.34,135.0,9 mph,0 mph,69,1,1.6,67.3,47.8603108656068,-97.0691925294582,53.477692,2.7894945606932726
1544,2,1,23,2022-08-11 15:03:28,2022-08-11 10:03:28,47.8603220744565,-97.0692117462536,53.149608,58.727036,23,5,24.572,0.0,-0.223694,0.0,-7.0,-0.7,0,0,0,0,88,17.167,98.96,6,1,74.5,54.166,49.34,135.0,9 mph,0 mph,69,1,1.7,67.2,47.860320293017,-97.0692093445597,53.805776,0.50208562181856
1545,2,1,24,2022-08-11 15:03:29,2022-08-11 10:03:29,47.8603228148501,-97.0692120662751,53.149608,59.05512,23,5,24.565,0.0,0.0,0.0,-4.8,-0.8,0,0,0,0,88,16.845,98.96,6,1,74.5,54.166,49.34,135.0,9 mph,0 mph,69,1,1.7,67.0,47.8603220744565,-97.0692117462536,53.149608,0.007350425238862701
1546,2,1,25,2022-08-11 15:03:30,2022-08-11 10:03:30,47.8603226499369,-97.06921145542,53.805776,59.05512,23,5,24.567,0.0,0.0,0.0,-3.8,-0.7,0,0,0,0,88,16.169,98.96,6,1,74.5,54.166,49.34,135.0,9 mph,0 mph,69,1,1.7,67.1,47.8603228148501,-97.0692120662751,53.149608,0.43298190300524436
1547,2,1,26,2022-08-11 15:03:31,2022-08-11 10:03:31,47.8603223487406,-97.0692108530685,53.805776,59.05512,23,5,24.554,0.0,0.0,0.0,-3.2,-0.5,0,0,0,0,88,16.614,98.96,6,1,74.5,54.166,49.34,135.0,9 mph,0 mph,69,1,1.8,66.9,47.8603226499369,-97.06921145542,53.805776,0.0031530087187451755
1548,2,1,27,2022-08-11 15:03:32,2022-08-11 10:03:32,47.8603224811945,-97.0692108046516,53.477692,58.727036,23,5,24.551,0.0,0.0,0.0,-4.3,0.0,0,0,0,0,88,16.631,98.96,6,1,74.5,54.166,49.34,135.0,9 mph,0 mph,69,1,1.8,66.8,47.8603223487406,-97.0692108530685,53.805776,0.10786912758564746
1549,2,1,28,2022-08-11 15:03:33,2022-08-11 10:03:33,47.8603223999908,-97.0692106498502,53.805776,58.727036,23,5,24.551,0.0,0.0,0.0,-4.0,-0.9,0,0,0,0,88,16.631,98.96,6,1,74.5,54.166,49.34,135.0,9 mph,0 mph,69,1,1.7,66.9,47.8603224811945,-97.0692108046516,53.477692,0.10785480293865521
1550,2,1,29,2022-08-11 15:03:34,2022-08-11 10:03:34,47.8603223218326,-97.0692101897872,53.477692,58.398952,23,5,24.551,0.0,0.0,0.0,-3.8,-1.0,0,0,0,0,88,16.59,98.96,6,1,74.5,54.166,49.34,135.0,9 mph,0 mph,69,1,1.7,66.7,47.8603223999908,-97.0692106498502,53.805776,0.10889970730435156
1551,2,1,30,2022-08-11 15:03:35,2022-08-11 10:03:35,47.8603224955223,-97.0692101787045,53.149608,58.398952,23,5,24.542,0.0,0.0,0.0,-4.3,-1.2,0,0,0,0,88,17.026,98.96,6,1,74.5,54.166,49.34,135.0,9 mph,0 mph,69,1,1.7,66.8,47.8603223218326,-97.0692101897872,53.477692,0.10801275758938596
1552,2,1,31,2022-08-11 15:03:36,2022-08-11 10:03:36,47.8603229101931,-97.0692098284989,53.149608,58.398952,23,5,24.529,0.0,0.0,0.0,-4.3,-0.7,0,0,0,0,88,17.431,98.96,6,1,74.5,54.166,49.34,135.0,9 mph,0 mph,69,1,1.7,66.9,47.8603224955223,-97.0692101787045,53.149608,0.0028124720037866783
1553,2,1,32,2022-08-11 15:03:37,2022-08-11 10:03:37,47.8603231231011,-97.0692091623575,53.805776,58.727036,23,5,24.532,0.0,0.0,0.0,-4.0,-0.4,0,0,0,0,88,16.82,98.96,6,1,74.5,54.166,49.34,135.0,9 mph,0 mph,69,1,1.6,67.3,47.8603229101931,-97.0692098284989,53.149608,0.433601373945002
1554,2,1,33,2022-08-11 15:03:38,2022-08-11 10:03:38,47.8603229138211,-97.0692098975492,53.477692,58.727036,23,5,24.531,0.0,0.0,0.0,-4.0,-1.0,0,0,0,0,88,16.721,98.96,6,1,74.5,54.166,49.34,135.0,9 mph,0 mph,69,1,1.5,67.5,47.8603231231011,-97.0692091623575,53.805776,0.11120687943707332
1555,2,1,34,2022-08-11 15:03:39,2022-08-11 10:03:39,47.8603229588991,-97.0692094458621,53.149608,58.398952,23,5,24.531,0.0,0.0,0.0,-4.1,-0.8,0,0,0,0,88,16.721,98.96,6,1,74.5,54.166,49.34,135.0,9 mph,0 mph,69,1,1.5,67.4,47.8603229138211,-97.0692098975492,53.477692,0.10880655038121922
1556,2,1,35,2022-08-11 15:03:40,2022-08-11 10:03:40,47.8603230443647,-97.0692088807681,53.149608,58.727036,23,5,24.52,0.0,0.0,0.0,-3.8,-0.8,0,0,0,0,88,17.084,98.96,6,1,74.5,54.166,49.34,135.0,9 mph,0 mph,69,1,1.5,67.2,47.8603229588991,-97.0692094458621,53.149608,0.0018782420337302404
1557,2,1,36,2022-08-11 15:03:41,2022-08-11 10:03:41,47.8603229239598,-97.0692084181771,53.477692,58.727036,23,5,24.519,0.0,0.0,0.0,-3.5,-0.9,0,0,0,0,88,16.68,98.96,6,1,74.5,54.166,49.34,135.0,9 mph,0 mph,69,1,1.5,67.2,47.8603230443647,-97.0692088807681,53.149608,0.10901647278741806
1558,2,1,37,2022-08-11 15:03:42,2022-08-11 10:03:42,47.8603232999563,-97.0692082311743,53.477692,58.727036,23,5,24.525,0.0,0.0,0.0,-4.4,-1.1,0,0,0,0,88,16.235,98.96,6,1,74.5,54.166,49.34,135.0,9 mph,0 mph,69,1,1.5,67.0,47.8603229239598,-97.0692084181771,53.477692,0.0019435519759113094
1559,2,1,38,2022-08-11 15:03:43,2022-08-11 10:03:43,47.8603231831794,-97.0692077963924,53.149608,58.727036,23,5,24.516,0.0,0.0,0.0,-3.9,0.1,0,0,0,0,88,16.35,98.96,6,1,74.5,54.166,49.34,135.0,9 mph,0 mph,69,1,1.5,67.0,47.8603232999563,-97.0692082311743,53.477692,0.10886611057038183
1560,2,1,39,2022-08-11 15:03:44,2022-08-11 10:03:44,47.8603226447712,-97.0692079910049,53.149608,59.05512,23,5,24.507,0.0,0.0,0.0,-4.3,-1.2,0,0,0,0,88,17.201,98.96,6,1,74.5,54.166,49.34,135.0,9 mph,0 mph,69,1,1.6,66.9,47.8603231831794,-97.0692077963924,53.149608,0.0037957936983002327
1561,2,1,40,2022-08-11 15:03:45,2022-08-11 10:03:45,47.8603224644852,-97.0692081779821,53.805776,59.05512,23,5,24.507,0.0,0.0,0.0,-4.5,-1.4,0,0,0,0,87,16.647,98.96,6,1,74.5,54.166,49.34,135.0,9 mph,0 mph,69,1,1.7,66.9,47.8603226447712,-97.0692079910049,53.149608,0.4311540133128152
1562,2,1,41,2022-08-11 15:03:46,2022-08-11 10:03:46,47.8603228032037,-97.0692079926903,53.477692,59.05512,23,5,24.502,0.0,0.0,0.0,-4.1,-0.9,0,0,0,0,87,17.027,98.96,6,1,74.5,54.166,49.34,135.0,9 mph,0 mph,69,1,1.7,66.8,47.8603224644852,-97.0692081779821,53.805776,0.10924971581632154
1563,2,1,42,2022-08-11 15:03:47,2022-08-11 10:03:47,47.8603233159503,-97.0692079913114,53.477692,58.727036,23,5,24.496,0.0,0.0,0.0,-4.2,-1.3,0,0,0,0,87,16.747,98.96,6,1,74.5,54.166,49.34,135.0,9 mph,0 mph,69,1,1.7,66.7,47.8603228032037,-97.0692079926903,53.477692,0.0032502723454689466
1564,2,1,43,2022-08-11 15:03:48,2022-08-11 10:03:48,47.86032386947,-97.0692081058164,53.477692,58.727036,23,5,24.495,0.0,0.0,0.0,-4.5,-1.5,-3,-11,0,0,87,16.656,98.96,6,1,74.5,54.166,49.34,135.0,9 mph,0 mph,69,1,1.7,66.6,47.8603233159503,-97.0692079913114,53.477692,0.003861140044491965
1565,2,1,44,2022-08-11 15:03:49,2022-08-11 10:03:49,47.8603244797099,-97.0692078016783,53.477692,58.727036,23,5,24.495,0.0,0.0,0.0,-4.3,-1.3,0,-9,0,0,87,16.656,98.96,6,1,74.5,54.166,49.34,135.0,9 mph,0 mph,69,1,1.7,66.6,47.86032386947,-97.0692081058164,53.477692,0.005121682396670422
1566,2,1,45,2022-08-11 15:03:50,2022-08-11 10:03:50,47.8603280859326,-97.0692058233258,53.477692,58.070868,23,5,24.483,1.789552,0.223694,0.0,0.5,-8.7,-13,-14,0,45,87,17.027,99.14,6,1,74.5,54.166,49.34,135.0,9 mph,0 mph,69,1,1.7,66.6,47.8603244797099,-97.0692078016783,53.477692,0.1826886100215812
1567,2,1,46,2022-08-11 15:03:51,2022-08-11 10:03:51,47.8603387064053,-97.0692010616381,53.149608,57.742784,23,5,24.473,2.460634,1.342164,0.0,-4.4,-5.9,-7,-19,0,42,87,17.192,99.14,6,1,74.5,54.166,49.34,135.0,9 mph,0 mph,69,1,1.7,66.4,47.8603280859326,-97.0692058233258,53.477692,1.6290312559338451
1568,2,1,47,2022-08-11 15:03:52,2022-08-11 10:03:52,47.8603463761272,-97.0691900486763,53.477692,55.446196,23,5,24.46,1.565858,2.013246,0.0,-2.5,-4.3,0,-13,0,13,87,17.628,99.14,6,1,74.5,54.166,49.34,135.0,9 mph,0 mph,69,1,1.7,66.6,47.8603387064053,-97.0692010616381,53.149608,1.5139473448598035
1569,2,1,48,2022-08-11 15:03:53,2022-08-11 10:03:53,47.8603517839209,-97.0691766576161,53.149608,56.430448,23,5,24.473,0.894776,2.460634,0.0,-1.9,-6.0,-5,-46,0,0,87,17.192,99.14,6,1,74.5,54.166,49.34,135.0,9 mph,0 mph,69,1,1.6,67.0,47.8603463761272,-97.0691900486763,53.477692,1.4731934926928116
1570,2,1,49,2022-08-11 15:03:54,2022-08-11 10:03:54,47.8603570534055,-97.0691522858972,53.149608,55.118112,23,5,24.451,1.342164,5.368656,0.0,-1.6,-7.1,0,-23,0,0,87,18.189,99.14,6,1,74.5,54.166,49.34,135.0,9 mph,0 mph,69,1,1.6,67.0,47.8603517839209,-97.0691766576161,53.149608,3.6689833521259434
1571,2,1,50,2022-08-11 15:03:55,2022-08-11 10:03:55,47.860361797546,-97.0691249827589,53.149608,57.086616,23,5,24.451,1.11847,4.921268,0.0,-2.7,-6.3,0,-4,0,0,87,18.189,99.14,6,1,74.5,54.166,49.34,135.0,9 mph,0 mph,69,1,1.5,67.0,47.8603570534055,-97.0691522858972,53.149608,4.4520890563174875
1572,2,1,51,2022-08-11 15:03:56,2022-08-11 10:03:56,47.8603651418717,-97.0691028283888,53.149608,55.446196,23,5,24.461,0.223694,1.789552,0.0,-2.8,-8.6,0,-27,0,0,87,15.525,99.14,6,1,74.5,54.166,49.34,135.0,9 mph,0 mph,69,1,1.6,67.0,47.860361797546,-97.0691249827589,53.149608,2.8863532922980735
1573,2,1,52,2022-08-11 15:03:57,2022-08-11 10:03:57,47.8603671216174,-97.069085395792,53.149608,55.77428,23,5,24.444,0.223694,2.23694,0.0,-2.3,8.5,0,0,0,0,87,17.686,99.14,6,1,74.5,54.166,49.34,135.0,9 mph,0 mph,69,1,1.6,67.0,47.8603651418717,-97.0691028283888,53.149608,1.7499665734588954
1574,2,1,53,2022-08-11 15:03:58,2022-08-11 10:03:58,47.8603674819153,-97.0690815448081,53.149608,56.102364,23,5,24.461,0.0,0.223694,0.0,-1.7,-2.5,0,0,0,0,87,16.844,99.14,6,1,74.5,54.166,49.34,135.0,9 mph,0 mph,69,1,1.5,67.0,47.8603671216174,-97.069085395792,53.149608,0.0846385437261898
1575,2,1,54,2022-08-11 15:03:59,2022-08-11 10:03:59,47.8603675638472,-97.0690802738639,53.149608,56.430448,23,5,24.454,0.0,0.0,0.0,-1.9,-2.2,0,0,0,0,87,16.564,99.14,6,1,74.5,54.166,49.34,135.0,9 mph,0 mph,69,1,1.5,66.9,47.8603674819153,-97.0690815448081,53.149608,0.009127057891431154
1576,2,1,55,2022-08-11 15:04:00,2022-08-11 10:04:00,47.8603673277148,-97.0690808979213,53.477692,56.430448,23,5,24.438,0.0,0.0,0.0,-2.0,-3.7,0,0,0,0,87,17.637,99.14,6,1,74.5,54.166,49.34,135.0,9 mph,0 mph,69,1,1.6,66.9,47.8603675638472,-97.0690802738639,53.149608,0.11050895541947948
1577,2,1,56,2022-08-11 15:04:01,2022-08-11 10:04:01,47.8603671745681,-97.0690811536934,53.149608,56.102364,23,5,24.438,0.0,0.0,0.0,-1.6,-3.4,0,0,0,0,87,17.637,99.14,6,1,74.5,54.166,49.34,135.0,9 mph,0 mph,69,1,1.6,66.6,47.8603673277148,-97.0690808979213,53.477692,0.10829534778749943
1578,2,1,57,2022-08-11 15:04:02,2022-08-11 10:04:02,47.8603672700867,-97.0690817731543,53.149608,55.77428,23,5,24.428,0.0,0.0,0.0,-1.7,-3.6,0,0,0,0,87,17.357,99.14,6,1,74.5,54.166,49.34,135.0,9 mph,0 mph,69,1,1.7,66.8,47.8603671745681,-97.0690811536934,53.149608,0.002261311257875576
1579,2,1,58,2022-08-11 15:04:03,2022-08-11 10:04:03,47.8603672735476,-97.0690820353105,53.149608,55.446196,23,5,24.433,0.0,0.0,0.0,-1.5,-3.4,0,0,0,0,87,17.58,99.14,6,1,74.5,54.166,49.34,135.0,9 mph,0 mph,69,1,1.7,66.7,47.8603672700867,-97.0690817731543,53.149608,0.0003849446595903057
1580,2,1,59,2022-08-11 15:04:04,2022-08-11 10:04:04,47.8603671822267,-97.0690820297436,53.149608,55.446196,23,5,24.417,0.0,0.0,0.0,-1.2,-3.2,0,0,0,0,87,18.321,99.14,6,1,74.5,54.166,49.34,135.0,9 mph,0 mph,69,1,1.7,66.6,47.8603672735476,-97.0690820353105,53.149608,0.00010327220627191846
1581,2,1,60,2022-08-11 15:04:05,2022-08-11 10:04:05,47.860367269487,-97.0690819436861,53.477692,55.446196,23,5,24.417,0.0,0.0,0.0,-2.3,-3.0,0,0,0,0,87,18.321,99.14,6,1,74.5,54.166,49.34,135.0,9 mph,0 mph,69,1,1.7,66.6,47.8603671822267,-97.0690820297436,53.149608,0.10777471061501509
1582,2,1,61,2022-08-11 15:04:06,2022-08-11 10:04:06,47.8603671440449,-97.0690818016528,53.477692,55.446196,23,5,24.417,0.0,0.0,0.0,-1.5,-3.3,0,0,0,0,87,17.728,99.14,6,1,74.5,54.166,49.34,135.0,9 mph,0 mph,69,1,1.7,66.5,47.860367269487,-97.0690819436861,53.477692,0.00030748703595388896
1583,2,1,62,2022-08-11 15:04:07,2022-08-11 10:04:07,47.8603670966026,-97.0690807487376,53.477692,55.118112,23,5,24.415,0.0,0.894776,0.0,-1.7,-10.9,0,-39,0,0,87,17.174,99.14,6,1,74.5,54.166,49.34,135.0,9 mph,0 mph,69,1,1.7,66.5,47.8603671440449,-97.0690818016528,53.477692,0.006235053716817023
1584,2,1,63,2022-08-11 15:04:08,2022-08-11 10:04:08,47.8603682915279,-97.0690649244705,53.477692,54.790028,23,5,24.407,0.447388,4.250186,0.0,-1.4,-13.8,0,-46,0,0,86,18.139,99.14,6,1,74.5,54.166,49.34,135.0,9 mph,0 mph,69,1,1.7,66.5,47.8603670966026,-97.0690807487376,53.477692,1.4196846441914748
1585,2,1,64,2022-08-11 15:04:09,2022-08-11 10:04:09,47.8603712049148,-97.0690300505937,53.477692,55.118112,23,5,24.394,0.671082,6.934514,0.0,-1.4,-11.7,0,-40,0,0,86,18.066,99.14,6,1,74.5,54.166,49.34,135.0,9 mph,0 mph,69,1,1.6,66.6,47.8603682915279,-97.0690649244705,53.477692,6.91437128924359
1586,2,1,65,2022-08-11 15:04:10,2022-08-11 10:04:10,47.8603754922193,-97.0689831747839,53.477692,55.118112,23,5,24.398,0.894776,8.500372,0.0,-1.8,-9.7,0,-36,0,0,86,17.612,99.14,6,1,74.5,54.166,49.34,135.0,9 mph,0 mph,69,1,1.6,67.1,47.8603712049148,-97.0690300505937,53.477692,12.530163438275109
1587,2,1,66,2022-08-11 15:04:11,2022-08-11 10:04:11,47.8603799509691,-97.0689293103889,53.477692,54.13386,23,5,24.41,0.894776,9.395148,0.0,-1.1,-8.7,0,-37,0,0,86,16.416,99.14,6,1,74.5,54.166,49.34,135.0,9 mph,0 mph,69,1,1.6,67.3,47.8603754922193,-97.0689831747839,53.477692,16.490573738669045
1588,2,1,67,2022-08-11 15:04:12,2022-08-11 10:04:12,47.8603845471544,-97.0688711909735,53.477692,54.13386,23,5,24.404,1.11847,9.842536,0.0,-1.7,-7.3,0,-41,0,0,86,16.522,99.14,6,1,74.5,54.166,49.34,135.0,9 mph,0 mph,69,1,1.5,67.1,47.8603799509691,-97.0689293103889,53.477692,19.17384366008255
1589,2,1,68,2022-08-11 15:04:13,2022-08-11 10:04:13,47.860389516342,-97.0688107941748,53.477692,54.13386,23,5,24.401,1.11847,10.289924,0.0,-1.5,-9.1,0,-36,0,0,86,15.987,99.14,6,1,74.5,54.166,49.34,135.0,9 mph,0 mph,69,1,1.5,67.1,47.8603845471544,-97.0688711909735,53.477692,20.729157934640654
1590,2,1,69,2022-08-11 15:04:14,2022-08-11 10:04:14,47.8603947786477,-97.0687475976214,53.477692,55.118112,23,5,24.397,1.11847,10.513618,0.0,-1.0,-5.1,0,-27,0,0,86,15.83,99.14,6,1,74.5,54.166,49.34,135.0,9 mph,0 mph,69,1,1.5,67.0,47.860389516342,-97.0688107941748,53.477692,22.7036581523632
1591,2,1,70,2022-08-11 15:04:15,2022-08-11 10:04:15,47.8603997384119,-97.0686874837149,53.477692,55.446196,23,5,24.417,1.11847,9.618842,0.0,-2.5,-5.4,0,-31,0,0,86,15.301,99.14,6,1,74.5,54.166,49.34,135.0,9 mph,0 mph,69,1,1.6,67.1,47.8603947786477,-97.0687475976214,53.477692,20.53711468631643
1592,2,1,71,2022-08-11 15:04:16,2022-08-11 10:04:16,47.860404453323,-97.0686293534723,53.149608,56.102364,23,5,24.406,1.11847,9.395148,0.0,-2.5,-5.8,0,-28,0,0,86,15.674,99.14,6,1,74.5,54.166,49.34,135.0,9 mph,0 mph,69,1,1.6,67.1,47.8603997384119,-97.0686874837149,53.477692,19.302182101724174
1593,2,1,72,2022-08-11 15:04:17,2022-08-11 10:04:17,47.8604086851068,-97.0685797843437,53.149608,56.758532,23,5,24.406,1.11847,8.94776,0.0,-2.5,-5.1,0,-27,0,0,86,15.674,99.14,6,1,74.5,54.166,49.34,135.0,9 mph,0 mph,69,1,1.6,67.0,47.860404453323,-97.0686293534723,53.149608,13.978678918055126
1594,2,1,73,2022-08-11 15:04:18,2022-08-11 10:04:18,47.8604136403821,-97.0685215424561,53.149608,56.430448,23,5,24.409,0.894776,8.500372,0.0,-2.6,-4.9,0,-25,0,0,86,16.16,99.14,6,1,74.5,54.166,49.34,135.0,9 mph,0 mph,69,1,1.7,67.0,47.8604086851068,-97.0685797843437,53.149608,19.296016020388283
1595,2,1,74,2022-08-11 15:04:19,2022-08-11 10:04:19,47.8604178492328,-97.0684720875261,53.477692,57.086616,23,5,24.403,0.894776,7.82929,0.0,-3.1,-5.1,0,-24,0,0,86,15.542,99.14,6,1,74.5,54.166,49.34,135.0,9 mph,0 mph,69,1,1.8,67.0,47.8604136403821,-97.0685215424561,53.149608,14.020604387666623
1596,2,1,75,2022-08-11 15:04:20,2022-08-11 10:04:20,47.8604216660717,-97.0684251297451,53.477692,57.086616,23,5,24.365,0.894776,7.605596,0.0,-2.2,-4.4,0,-26,0,0,86,17.306,99.14,6,1,74.5,54.166,49.34,135.0,9 mph,0 mph,69,1,1.7,67.0,47.8604178492328,-97.0684720875261,53.477692,12.526071541741166
1597,2,1,76,2022-08-11 15:04:21,2022-08-11 10:04:21,47.8604257460623,-97.0683806531784,53.805776,56.758532,23,5,24.381,0.894776,7.381902,0.0,-2.7,-5.5,0,-28,0,0,86,15.574,99.14,6,1,74.5,54.166,49.34,135.0,9 mph,0 mph,69,1,1.7,67.0,47.8604216660717,-97.0684251297451,53.477692,11.389165554160298
1598,2,1,77,2022-08-11 15:04:22,2022-08-11 10:04:22,47.8604294843788,-97.0683365269705,53.477692,56.758532,23,5,24.384,0.894776,7.381902,0.0,-2.6,-4.4,0,-23,0,0,86,15.855,99.14,6,1,74.5,54.166,49.34,135.0,9 mph,0 mph,69,1,1.7,67.0,47.8604257460623,-97.0683806531784,53.805776,11.18233108449535
1599,2,1,78,2022-08-11 15:04:23,2022-08-11 10:04:23,47.8604328715295,-97.0682980563501,53.477692,56.430448,23,5,24.384,0.671082,6.934514,0.0,-2.6,-4.9,0,-19,0,0,86,15.855,99.14,6,1,74.5,54.166,49.34,135.0,9 mph,0 mph,69,1,1.7,67.0,47.8604294843788,-97.0683365269705,53.477692,8.428279065933507
1600,2,1,79,2022-08-11 15:04:24,2022-08-11 10:04:24,47.8604366522169,-97.0682532359621,53.477692,56.758532,23,5,24.378,0.671082,6.487126,0.0,-3.0,-3.8,0,-19,0,0,86,16.284,99.14,6,1,74.5,54.166,49.34,135.0,9 mph,0 mph,69,1,1.7,66.9,47.8604328715295,-97.0682980563501,53.477692,11.424337041998918
1601,2,1,80,2022-08-11 15:04:25,2022-08-11 10:04:25,47.8604398702781,-97.0682159729049,53.477692,56.430448,22,5,24.374,0.671082,6.039738,0.0,-2.2,-2.9,0,-21,0,0,86,15.871,99.14,6,1,74.5,54.166,49.34,135.0,9 mph,0 mph,69,1,1.7,67.0,47.8604366522169,-97.0682532359621,53.477692,7.902423665892892
1602,2,1,81,2022-08-11 15:04:26,2022-08-11 10:04:26,47.860443185657,-97.0681813742089,53.149608,56.430448,22,5,24.372,0.671082,5.59235,0.0,-2.8,-3.3,0,-19,0,0,86,16.184,99.32,6,1,74.5,54.166,49.34,135.0,9 mph,0 mph,69,1,1.6,66.9,47.8604398702781,-97.0682159729049,53.477692,6.9459079074267995
1603,2,1,82,2022-08-11 15:04:27,2022-08-11 10:04:27,47.8604459571708,-97.0681495625505,53.477692,56.758532,22,5,24.363,0.447388,5.144962,0.0,-2.2,-3.7,0,-20,0,0,86,16.357,99.32,6,1,74.5,54.166,49.34,135.0,9 mph,0 mph,69,1,1.6,66.7,47.860443185657,-97.0681813742089,53.149608,5.868674526879034
1604,2,1,83,2022-08-11 15:04:28,2022-08-11 10:04:28,47.8604482472536,-97.0681182337336,53.477692,56.102364,22,5,24.356,0.447388,4.921268,0.0,-1.9,-2.5,0,-23,0,0,86,16.912,99.32,6,1,74.5,54.166,49.34,135.0,9 mph,0 mph,69,1,1.6,67.2,47.8604459571708,-97.0681495625505,53.477692,5.560213876136077
1605,2,1,84,2022-08-11 15:04:29,2022-08-11 10:04:29,47.860450482955,-97.0680915741879,53.477692,56.430448,22,5,24.356,0.447388,4.697574,0.0,-1.2,-3.4,0,-20,0,0,86,16.912,99.32,6,1,74.5,54.166,49.34,135.0,9 mph,0 mph,69,1,1.6,67.5,47.8604482472536,-97.0681182337336,53.477692,4.04116969801583
1606,2,1,85,2022-08-11 15:04:30,2022-08-11 10:04:30,47.8604533832776,-97.0680602091093,53.477692,56.102364,22,5,24.342,0.447388,4.697574,0.0,-2.1,-3.5,-1,0,0,0,86,17.77,99.32,6,1,74.5,54.166,49.34,135.0,9 mph,0 mph,69,1,1.5,67.5,47.860450482955,-97.0680915741879,53.477692,5.612098987939685
1607,2,1,86,2022-08-11 15:04:31,2022-08-11 10:04:31,47.8604545130702,-97.0680447247845,53.477692,54.13386,22,5,24.35,0.0,0.671082,0.0,-1.6,1.2,0,0,0,0,86,16.334,99.32,6,1,74.5,54.166,49.34,135.0,9 mph,0 mph,69,1,1.5,67.5,47.8604533832776,-97.0680602091093,53.477692,1.358217432486936
1608,2,1,87,2022-08-11 15:04:32,2022-08-11 10:04:32,47.8604548649042,-97.0680415101663,53.477692,57.742784,22,5,24.337,0.0,0.0,0.0,-1.6,0.0,3,0,0,0,86,16.969,99.32,6,1,74.5,54.166,49.34,135.0,9 mph,0 mph,69,1,1.5,67.5,47.8604545130702,-97.0680447247845,53.477692,0.05938898691804677
1609,2,1,88,2022-08-11 15:04:33,2022-08-11 10:04:33,47.8604548310486,-97.0680415231388,53.477692,58.070868,22,5,24.34,0.0,0.0,0.0,-0.9,-1.7,0,0,0,0,86,16.977,99.32,6,1,74.5,54.166,49.34,135.0,9 mph,0 mph,69,1,1.6,67.4,47.8604548649042,-97.0680415101663,53.477692,1.5112356697780071e-05
1610,2,1,89,2022-08-11 15:04:34,2022-08-11 10:04:34,47.8604548102659,-97.0680416552129,53.477692,57.4147,23,5,24.34,0.0,0.0,0.0,-1.5,-1.7,0,0,0,-37,86,16.977,99.32,6,1,74.5,54.166,49.34,135.0,9 mph,0 mph,69,1,1.5,67.4,47.8604548310486,-97.0680415231388,53.477692,0.00010300599574622549
1611,2,1,90,2022-08-11 15:04:35,2022-08-11 10:04:35,47.8604549863971,-97.068042036726,53.805776,57.086616,23,5,24.328,0.0,0.0,0.0,-2.4,-0.7,0,0,0,-52,85,17.017,99.32,6,1,74.5,54.166,49.34,135.0,9 mph,0 mph,69,1,1.5,67.6,47.8604548102659,-97.0680416552129,53.477692,0.10883757388241212
1612,2,1,91,2022-08-11 15:04:36,2022-08-11 10:04:36,47.860454929617,-97.0680416628737,53.805776,57.742784,22,5,24.328,0.0,0.0,0.0,-1.6,0.1,0,0,0,-43,85,16.374,99.32,6,1,74.5,54.166,49.34,135.0,9 mph,0 mph,69,1,1.5,67.2,47.8604549863971,-97.068042036726,53.805776,0.0008224025029981162
1613,2,1,92,2022-08-11 15:04:37,2022-08-11 10:04:37,47.86045506115,-97.0680414476533,53.477692,58.070868,23,5,24.332,0.0,0.0,0.0,-2.4,0.5,0,0,0,-7,85,16.153,99.32,6,1,74.5,54.166,49.34,135.0,9 mph,0 mph,69,1,1.6,67.3,47.860454929617,-97.0680416628737,53.805776,0.10811234103570312
1614,2,1,93,2022-08-11 15:04:38,2022-08-11 10:04:38,47.8604550413096,-97.0680407008682,53.477692,57.742784,23,5,24.322,0.0,0.0,0.0,-2.6,0.5,0,0,0,0,85,16.309,99.32,6,1,74.5,54.166,49.34,135.0,9 mph,0 mph,69,1,1.6,67.2,47.86045506115,-97.0680414476533,53.477692,0.0031273542331634106
1615,2,1,94,2022-08-11 15:04:39,2022-08-11 10:04:39,47.8604549416789,-97.0680402169032,53.477692,57.4147,23,5,24.328,0.0,0.0,0.0,-2.6,0.9,0,0,-1,31,85,15.839,99.32,6,1,74.5,54.166,49.34,135.0,9 mph,0 mph,69,1,1.6,67.1,47.8604550413096,-97.0680407008682,53.477692,0.0014341219862674497
1616,2,1,95,2022-08-11 15:04:40,2022-08-11 10:04:40,47.8604545026702,-97.068040728856,53.477692,57.4147,23,5,24.328,0.0,0.0,0.0,-3.0,-0.4,0,0,-1,28,85,15.839,99.32,6,1,74.5,54.166,49.34,135.0,9 mph,0 mph,69,1,1.7,67.1,47.8604549416789,-97.0680402169032,53.477692,0.00385011357400097
1617,2,1,96,2022-08-11 15:04:41,2022-08-11 10:04:41,47.8604540535527,-97.0680413489809,53.149608,57.086616,23,5,24.317,0.0,0.0,0.0,-2.7,-0.6,0,0,-2,35,85,17.214,99.32,6,1,74.5,54.166,49.34,135.0,9 mph,0 mph,69,1,1.7,67.2,47.8604545026702,-97.068040728856,53.477692,0.11228586296632528
1618,2,1,97,2022-08-11 15:04:42,2022-08-11 10:04:42,47.8604541405903,-97.0680417934156,52.821524,57.086616,23,5,24.309,0.0,0.0,0.0,-2.6,-1.8,0,0,-2,38,85,17.091,99.32,6,1,74.5,54.166,49.34,135.0,9 mph,0 mph,69,1,1.8,67.0,47.8604540535527,-97.0680413489809,53.149608,0.1088386893896259
1619,2,1,98,2022-08-11 15:04:43,2022-08-11 10:04:43,47.8604542464918,-97.0680416278378,53.149608,57.4147,23,5,24.298,0.0,0.0,0.0,-2.0,-3.1,0,-15,-2,26,85,17.15,99.32,6,1,74.5,54.166,49.34,135.0,9 mph,0 mph,69,1,1.8,67.0,47.8604541405903,-97.0680417934156,52.821524,0.10793126202714591
1620,2,1,99,2022-08-11 15:04:44,2022-08-11 10:04:44,47.8604553076824,-97.0680392374305,53.149608,57.086616,23,5,24.291,0.223694,0.447388,0.0,-2.5,-4.5,0,-22,0,0,85,17.786,99.32,6,1,74.5,54.166,49.34,135.0,9 mph,0 mph,69,1,1.8,67.0,47.8604542464918,-97.0680416278378,53.149608,0.04591480876408079
1621,2,1,100,2022-08-11 15:04:45,2022-08-11 10:04:45,47.8604565184989,-97.0680332096248,53.149608,56.758532,23,5,24.291,0.447388,1.342164,0.0,-1.8,-3.8,0,-19,0,0,85,17.786,99.32,6,1,74.5,54.166,49.34,135.0,9 mph,0 mph,69,1,1.7,66.8,47.8604553076824,-97.0680392374305,53.149608,0.2215606976368983
1622,2,1,101,2022-08-11 15:04:46,2022-08-11 10:04:46,47.8604586490527,-97.068023080987,52.821524,56.758532,23,5,24.288,0.447388,2.013246,0.0,-1.3,-3.9,0,-20,0,22,85,17.274,99.32,6,1,74.5,54.166,49.34,135.0,9 mph,0 mph,69,1,1.7,66.2,47.8604565184989,-97.0680332096248,53.149608,0.7381526540379845
1623,2,1,102,2022-08-11 15:04:47,2022-08-11 10:04:47,47.8604609861323,-97.0680080705132,52.821524,57.086616,22,5,24.282,0.447388,2.684328,0.0,-2.3,-7.3,0,-25,0,3,85,16.738,99.32,6,1,74.5,54.166,49.34,135.0,9 mph,0 mph,69,1,1.7,64.8,47.8604586490527,-97.068023080987,52.821524,1.329055967629089
1624,2,1,103,2022-08-11 15:04:48,2022-08-11 10:04:48,47.8604633458966,-97.0679884604311,53.149608,57.086616,22,5,24.287,0.447388,3.802798,0.0,-2.0,-6.6,0,-28,0,2,85,17.464,99.32,6,1,74.5,54.166,49.34,135.0,9 mph,0 mph,69,1,1.7,64.4,47.8604609861323,-97.0680080705132,52.821524,2.329600176371902
1625,2,1,104,2022-08-11 15:04:49,2022-08-11 10:04:49,47.8604659272128,-97.0679627137569,53.477692,56.758532,22,5,24.28,0.447388,4.921268,0.0,-1.8,-8.3,0,-34,0,4,85,16.078,99.32,6,1,74.5,54.166,49.34,135.0,9 mph,0 mph,69,1,1.8,65.7,47.8604633458966,-97.0679884604311,53.149608,3.9015320254482933
1626,2,1,105,2022-08-11 15:04:50,2022-08-11 10:04:50,47.8604691525214,-97.067931911399,53.149608,57.086616,22,5,24.284,0.671082,5.144962,0.0,-2.0,-3.4,2,-16,0,2,85,16.63,99.32,6,1,74.5,54.166,49.34,135.0,9 mph,0 mph,69,1,1.7,66.5,47.8604659272128,-97.0679627137569,53.477692,5.548477013559107
1627,2,1,106,2022-08-11 15:04:51,2022-08-11 10:04:51,47.8604717056359,-97.067904531626,53.149608,56.758532,22,5,24.284,0.447388,4.921268,0.0,-1.9,-3.5,4,-13,0,3,85,16.63,99.32,6,1,74.5,54.166,49.34,135.0,9 mph,0 mph,69,1,1.6,66.8,47.8604691525214,-97.067931911399,53.149608,4.277873921835351
1628,2,1,107,2022-08-11 15:04:52,2022-08-11 10:04:52,47.8604740248796,-97.0678738042414,53.149608,57.086616,22,5,24.277,0.223694,4.250186,0.0,-2.6,-2.5,0,-3,0,0,85,16.218,99.32,6,1,74.5,54.166,49.34,135.0,9 mph,0 mph,69,1,1.6,66.8,47.8604717056359,-97.067904531626,53.149608,5.352901498310351
1629,2,1,108,2022-08-11 15:04:53,2022-08-11 10:04:53,47.8604745218677,-97.0678558653617,53.149608,55.118112,22,5,24.273,0.0,2.013246,0.0,-3.2,-3.8,16,-3,0,0,85,16.367,99.32,6,1,74.5,54.166,49.34,135.0,9 mph,0 mph,69,1,1.7,66.8,47.8604740248796,-97.0678738042414,53.149608,1.8048252680371373
1630,2,1,109,2022-08-11 15:04:54,2022-08-11 10:04:54,47.860473053245,-97.0678422731773,53.149608,54.790028,22,5,24.268,-0.894776,1.789552,0.0,-5.9,-1.9,22,-5,0,0,85,16.68,99.32,6,1,74.5,54.166,49.34,135.0,9 mph,0 mph,69,1,1.7,66.7,47.8604745218677,-97.0678558653617,53.149608,1.061062443909234
1631,2,1,110,2022-08-11 15:04:55,2022-08-11 10:04:55,47.8604662748486,-97.0678309105211,53.149608,56.430448,23,5,24.268,-2.013246,1.565858,0.0,-5.4,-2.2,22,-8,0,0,85,16.68,99.32,6,1,74.5,54.166,49.34,135.0,9 mph,0 mph,69,1,1.6,66.9,47.860473053245,-97.0678422731773,53.149608,1.2909085658977455
1632,2,1,111,2022-08-11 15:04:56,2022-08-11 10:04:56,47.8604561294848,-97.0678200087447,52.821524,56.430448,23,5,24.254,-2.684328,1.789552,0.0,-3.8,-3.8,11,-20,0,0,85,17.093,99.32,6,1,74.5,54.166,49.34,135.0,9 mph,0 mph,69,1,1.6,67.0,47.8604662748486,-97.0678309105211,53.149608,2.0455428041059136
1633,2,1,112,2022-08-11 15:04:57,2022-08-11 10:04:57,47.8604468672959,-97.0678075870444,53.149608,56.102364,22,5,24.254,-2.23694,2.460634,0.0,-1.3,-5.4,0,-18,0,0,85,17.093,99.32,6,1,74.5,54.166,49.34,135.0,9 mph,0 mph,69,1,1.6,66.9,47.8604561294848,-97.0678200087447,52.821524,2.0321269969377562
1634,2,1,113,2022-08-11 15:04:58,2022-08-11 10:04:58,47.8604383289925,-97.0677893561301,53.149608,55.446196,22,5,24.28,-1.565858,2.460634,0.0,-0.6,-2.9,0,-20,0,0,85,15.442,99.32,6,1,74.5,54.166,49.34,135.0,9 mph,0 mph,69,1,1.6,67.0,47.8604468672959,-97.0678075870444,53.149608,2.7621872084216674
1635,2,1,114,2022-08-11 15:04:59,2022-08-11 10:04:59,47.8604328733282,-97.0677744065355,53.149608,55.446196,23,5,24.272,-0.894776,1.789552,0.0,3.0,5.6,0,0,0,0,84,15.228,99.32,6,1,74.5,54.166,49.34,135.0,9 mph,0 mph,69,1,1.6,67.2,47.8604383289925,-97.0677893561301,53.149608,1.6192869416629312
1636,2,1,115,2022-08-11 15:05:00,2022-08-11 10:05:00,47.8604309639836,-97.067769311931,52.821524,57.4147,23,5,24.264,-0.223694,0.894776,0.0,-1.8,-4.3,0,-19,0,0,84,16.368,99.32,6,1,74.5,54.166,49.34,135.0,9 mph,0 mph,69,1,1.5,67.3,47.8604328733282,-97.0677744065355,53.149608,0.29803027813442196
1637,2,1,116,2022-08-11 15:05:01,2022-08-11 10:05:01,47.8604295927302,-97.0677605027055,52.821524,57.086616,23,5,24.244,0.0,1.565858,0.0,-0.3,-4.1,0,0,0,-36,84,17.133,99.32,6,1,74.5,54.166,49.34,135.0,9 mph,0 mph,69,1,1.5,67.5,47.8604309639836,-97.067769311931,52.821524,0.4577415368422548
1638,2,1,117,2022-08-11 15:05:02,2022-08-11 10:05:02,47.860430094293,-97.0677562424249,53.149608,56.102364,23,5,24.233,0.223694,0.0,0.0,-1.8,-1.4,0,-1,0,-54,84,17.727,99.32,6,1,74.5,54.166,49.34,135.0,9 mph,0 mph,69,1,1.5,67.5,47.8604295927302,-97.0677605027055,52.821524,0.212370791501962
1639,2,1,118,2022-08-11 15:05:03,2022-08-11 10:05:03,47.8604309580898,-97.0677551453832,53.149608,55.77428,23,5,24.233,0.0,0.0,0.0,-1.9,0.6,0,-2,0,-36,84,17.727,99.32,6,1,74.5,54.166,49.34,135.0,9 mph,0 mph,69,1,1.5,67.5,47.860430094293,-97.0677562424249,53.149608,0.015962743468442578
1640,2,1,119,2022-08-11 15:05:04,2022-08-11 10:05:04,47.8604313501188,-97.0677547625421,53.149608,56.102364,23,5,24.236,0.0,0.0,0.0,-0.8,1.8,0,-2,0,-22,84,16.481,99.32,6,1,74.5,54.166,49.34,135.0,9 mph,0 mph,69,1,1.5,67.5,47.8604309580898,-97.0677551453832,53.149608,0.0027206098048096566
1641,2,1,120,2022-08-11 15:05:05,2022-08-11 10:05:05,47.8604309082145,-97.0677552285295,53.149608,56.102364,23,5,24.244,0.0,0.0,0.0,-3.4,0.8,0,-3,0,0,84,16.506,99.32,6,1,74.5,54.166,49.34,135.0,9 mph,0 mph,69,1,1.5,67.5,47.8604313501188,-97.0677547625421,53.149608,0.0036299667496720606
1642,2,1,121,2022-08-11 15:05:06,2022-08-11 10:05:06,47.8604300948926,-97.0677554736785,53.149608,55.77428,23,5,24.232,0.0,0.0,0.0,-3.0,0.0,0,-2,0,8,84,16.871,99.32,6,1,74.5,54.166,49.34,135.0,9 mph,0 mph,69,1,1.5,67.4,47.8604309082145,-97.0677552285295,53.149608,0.00851431113319093
1643,2,1,122,2022-08-11 15:05:07,2022-08-11 10:05:07,47.8604298258985,-97.0677554757214,53.149608,55.77428,23,5,24.22,0.0,0.0,0.0,-2.9,0.2,0,-3,0,39,84,17.101,99.32,6,1,74.5,54.166,49.34,135.0,9 mph,0 mph,69,1,1.5,67.5,47.8604300948926,-97.0677554736785,53.149608,0.0008945603148867333
1644,2,1,123,2022-08-11 15:05:08,2022-08-11 10:05:08,47.8604293230336,-97.067756056316,53.149608,56.102364,23,5,24.219,0.0,0.0,0.0,-2.5,-1.0,0,-2,0,38,84,17.314,99.32,6,1,74.5,54.166,49.34,135.0,9 mph,0 mph,69,1,1.5,67.5,47.8604298258985,-97.0677554757214,53.149608,0.005013555170004627
1645,2,1,124,2022-08-11 15:05:09,2022-08-11 10:05:09,47.8604289652542,-97.0677565658173,53.149608,56.102364,22,5,24.219,0.0,0.0,0.0,-2.5,-2.1,0,-2,0,39,84,17.314,99.32,6,1,74.5,54.166,49.34,135.0,9 mph,0 mph,69,1,1.6,67.4,47.8604293230336,-97.067756056316,53.149608,0.003035950233455407
1646,2,1,125,2022-08-11 15:05:10,2022-08-11 10:05:10,47.8604292472697,-97.0677566708228,53.149608,56.102364,22,5,24.217,0.0,0.0,0.0,-1.7,-2.9,0,0,0,39,84,17.093,99.32,6,1,74.5,54.166,49.34,135.0,9 mph,0 mph,69,1,1.5,67.3,47.8604289652542,-97.0677565658173,53.149608,0.0010449734689220124
1647,2,1,126,2022-08-11 15:05:11,2022-08-11 10:05:11,47.860429685062,-97.067757530683,53.149608,56.102364,22,5,24.2,0.0,0.0,0.0,-0.2,-4.1,0,0,0,0,84,17.917,99.32,6,1,74.5,54.166,49.34,135.0,9 mph,0 mph,69,1,1.5,67.4,47.8604292472697,-97.0677566708228,53.149608,0.006509126481368151
1648,2,1,127,2022-08-11 15:05:12,2022-08-11 10:05:12,47.8604301507989,-97.0677579535649,53.477692,56.102364,22,5,24.2,0.0,0.0,0.0,-1.3,-4.1,0,0,0,0,84,17.091,99.32,6,1,74.5,54.166,49.34,135.0,9 mph,0 mph,69,1,1.6,67.4,47.860429685062,-97.067757530683,53.149608,0.11132197421298969
1649,2,1,128,2022-08-11 15:05:13,2022-08-11 10:05:13,47.8604304522094,-97.0677576734822,53.477692,56.102364,22,5,24.195,0.0,0.0,0.0,-0.8,-4.2,0,0,0,0,84,17.011,99.32,6,1,74.5,54.166,49.34,135.0,9 mph,0 mph,69,1,1.6,67.1,47.8604301507989,-97.0677579535649,53.477692,0.0015623489671232737
1650,2,1,129,2022-08-11 15:05:14,2022-08-11 10:05:14,47.8604304646311,-97.0677568892097,53.149608,56.102364,22,5,24.189,0.0,0.0,0.0,0.0,-3.4,0,0,0,-65,84,17.555,99.32,6,1,74.5,54.166,49.34,135.0,9 mph,0 mph,69,1,1.6,67.4,47.8604304522094,-97.0677576734822,53.477692,0.11108486551628831
1651,2,1,130,2022-08-11 15:05:15,2022-08-11 10:05:15,47.8604310069885,-97.0677564458986,53.149608,55.77428,22,5,24.178,0.0,0.0,0.0,-2.5,-2.2,0,0,0,0,84,17.768,99.32,6,1,74.5,54.166,49.34,135.0,9 mph,0 mph,69,1,1.6,67.2,47.8604304646311,-97.0677568892097,53.149608,0.004736843174643922
1652,2,1,131,2022-08-11 15:05:16,2022-08-11 10:05:16,47.8604303673648,-97.0677553952307,53.149608,55.77428,22,5,24.19,-0.671082,0.223694,0.0,-9.0,-3.1,49,0,0,0,84,17.156,99.32,6,1,74.5,54.166,49.34,135.0,9 mph,0 mph,69,1,1.6,67.1,47.8604310069885,-97.0677564458986,53.149608,0.01123854682265305
1653,2,1,132,2022-08-11 15:05:17,2022-08-11 10:05:17,47.8604223633828,-97.0677496483249,53.477692,55.446196,22,5,24.179,-2.684328,1.11847,0.0,-8.0,-2.1,51,0,0,0,84,17.249,99.32,6,1,74.5,54.166,49.34,135.0,9 mph,0 mph,69,1,1.7,67.1,47.8604303673648,-97.0677553952307,53.149608,1.0845562622261637
1654,2,1,133,2022-08-11 15:05:18,2022-08-11 10:05:18,47.8604082295463,-97.0677406542163,53.477692,55.77428,22,5,24.187,-3.802798,1.789552,0.0,-5.4,-1.8,23,0,0,-16,84,16.992,99.32,6,1,74.5,54.166,49.34,135.0,9 mph,0 mph,69,1,1.7,67.1,47.8604223633828,-97.0677496483249,53.477692,2.922560759371267
1655,2,1,134,2022-08-11 15:05:19,2022-08-11 10:05:19,47.8603919076308,-97.0677286635698,53.149608,55.446196,22,5,24.191,-4.026492,2.23694,0.0,-5.6,-2.2,20,0,0,0,84,16.878,99.32,6,1,74.5,54.166,49.34,135.0,9 mph,0 mph,69,1,1.8,66.9,47.8604082295463,-97.0677406542163,53.477692,4.206118400991302
1656,2,1,135,2022-08-11 15:05:20,2022-08-11 10:05:20,47.8603752118478,-97.0677147491166,53.149608,55.77428,22,5,24.192,-4.026492,2.23694,0.0,5.7,-0.5,0,0,0,0,84,15.021,99.32,6,1,74.5,54.166,49.34,135.0,9 mph,0 mph,69,1,1.8,67.0,47.8603919076308,-97.0677286635698,53.149608,4.530121908155894
1657,2,1,136,2022-08-11 15:05:21,2022-08-11 10:05:21,47.8603691252383,-97.0677099047686,53.477692,54.461944,22,5,24.192,-0.447388,0.223694,0.0,0.3,-1.2,0,0,0,0,84,15.021,99.32,6,1,74.5,54.166,49.34,135.0,9 mph,0 mph,69,1,1.8,67.0,47.8603752118478,-97.0677147491166,53.149608,0.6970329773080948
1658,2,1,137,2022-08-11 15:05:22,2022-08-11 10:05:22,47.8603669989508,-97.0677093045622,53.477692,56.758532,22,5,24.186,0.0,0.0,0.0,0.5,-3.7,0,0,0,0,84,17.125,99.32,6,1,74.5,54.166,49.34,135.0,9 mph,0 mph,69,1,1.7,67.0,47.8603691252383,-97.0677099047686,53.477692,0.05790994038778699
1659,2,1,138,2022-08-11 15:05:23,2022-08-11 10:05:23,47.8603668157263,-97.0677089709552,53.477692,57.086616,22,5,24.145,-0.223694,0.223694,0.0,-6.1,-2.2,21,0,0,0,83,19.072,99.32,6,1,74.5,54.166,49.34,135.0,9 mph,0 mph,69,1,1.7,67.0,47.8603669989508,-97.0677093045622,53.477692,0.0010381640447272038
1660,2,1,139,2022-08-11 15:05:24,2022-08-11 10:05:24,47.860363175781,-97.0677056712494,53.477692,56.758532,22,5,24.189,-1.11847,0.671082,0.0,-3.7,-0.9,2,0,0,0,83,14.971,99.32,6,1,74.5,54.166,49.34,135.0,9 mph,0 mph,69,1,1.7,66.9,47.8603668157263,-97.0677089709552,53.477692,0.224757998174296
1661,2,1,140,2022-08-11 15:05:25,2022-08-11 10:05:25,47.8603606737241,-97.0677033891167,53.477692,56.758532,22,5,24.172,0.0,0.0,0.0,-0.8,-1.8,0,0,0,0,83,16.003,99.32,6,1,74.5,54.166,49.34,135.0,9 mph,0 mph,69,1,1.7,66.8,47.860363175781,-97.0677056712494,53.477692,0.10655432400940998
1662,2,1,141,2022-08-11 15:05:26,2022-08-11 10:05:26,47.8603607827096,-97.067703087992,53.477692,56.758532,22,5,24.173,0.0,0.0,0.0,-1.1,-1.5,0,0,0,0,83,15.987,99.32,6,1,74.5,54.166,49.34,135.0,9 mph,0 mph,69,1,1.6,66.8,47.8603606737241,-97.0677033891167,53.477692,0.0006545380191370161
1663,2,1,142,2022-08-11 15:05:27,2022-08-11 10:05:27,47.860360545969,-97.0677030354892,53.149608,56.430448,22,5,24.183,-0.223694,0.0,0.0,-4.3,-2.2,16,0,0,0,83,14.954,99.32,6,1,74.5,54.166,49.34,135.0,9 mph,0 mph,69,1,1.6,66.8,47.8603607827096,-97.067703087992,53.477692,0.10834742526508939
1664,2,1,143,2022-08-11 15:05:28,2022-08-11 10:05:28,47.8603573780571,-97.0677013257791,53.149608,56.430448,22,5,24.176,-0.894776,0.447388,0.0,-3.9,-2.6,16,0,0,0,83,15.4,99.32,6,1,74.5,54.166,49.34,135.0,9 mph,0 mph,69,1,1.6,66.8,47.860360545969,-97.0677030354892,53.149608,0.14043426945682624
1665,2,1,144,2022-08-11 15:05:29,2022-08-11 10:05:29,47.8603527093204,-97.0676980430296,53.477692,56.430448,22,5,24.159,-1.342164,0.671082,0.0,-4.0,-2.0,21,0,0,0,83,16.217,99.32,6,1,74.5,54.166,49.34,135.0,9 mph,0 mph,69,1,1.6,66.8,47.8603573780571,-97.0677013257791,53.149608,0.4374471936470829
1666,2,1,145,2022-08-11 15:05:30,2022-08-11 10:05:30,47.8603457141525,-97.0676928401504,53.477692,56.758532,22,5,24.156,-2.013246,0.894776,0.0,-5.1,-2.4,18,0,0,0,83,16.358,99.32,6,1,74.5,54.166,49.34,135.0,9 mph,0 mph,69,1,1.6,67.0,47.8603527093204,-97.0676980430296,53.477692,0.7565003812763547
1667,2,1,146,2022-08-11 15:05:31,2022-08-11 10:05:31,47.8603363496685,-97.0676854852717,53.477692,56.758532,22,5,24.172,-2.460634,1.342164,0.0,-4.2,-2.6,12,0,0,0,83,14.865,99.32,6,1,74.5,54.166,49.34,135.0,9 mph,0 mph,69,1,1.5,67.2,47.8603457141525,-97.0676928401504,53.477692,1.3870020142606452
1668,2,1,147,2022-08-11 15:05:32,2022-08-11 10:05:32,47.8603272076361,-97.0676777099625,53.477692,56.758532,22,5,24.185,-1.342164,0.894776,0.0,6.3,-1.1,0,0,0,0,83,14.377,99.32,6,1,74.5,54.166,49.34,135.0,9 mph,0 mph,69,1,1.5,67.4,47.8603363496685,-97.0676854852717,53.477692,1.371723775083401
1669,2,1,148,2022-08-11 15:05:33,2022-08-11 10:05:33,47.8603253453357,-97.0676764901422,53.477692,56.430448,22,5,24.138,0.0,0.0,0.0,-1.8,-2.0,0,0,0,0,83,16.83,99.32,6,1,74.5,54.166,49.34,135.0,9 mph,0 mph,69,1,1.5,67.5,47.8603272076361,-97.0676777099625,53.477692,0.05120691718254799
1670,2,1,149,2022-08-11 15:05:34,2022-08-11 10:05:34,47.8603249466632,-97.0676764243605,53.149608,57.086616,22,5,24.137,0.0,0.0,0.0,-2.6,-2.4,0,0,0,0,83,16.696,99.32,6,1,74.5,54.166,49.34,135.0,9 mph,0 mph,69,1,1.5,67.3,47.8603253453357,-97.0676764901422,53.477692,0.10962826130225593
1671,2,1,150,2022-08-11 15:05:35,2022-08-11 10:05:35,47.8603250182422,-97.0676766962716,53.149608,57.4147,22,5,24.131,0.0,0.0,0.0,-2.4,-2.4,0,0,0,0,83,16.803,99.32,6,1,74.5,54.166,49.34,135.0,9 mph,0 mph,69,1,1.5,67.0,47.8603249466632,-97.0676764243605,53.149608,0.0004773076726671217
1672,2,1,151,2022-08-11 15:05:36,2022-08-11 10:05:36,47.8603257280313,-97.0676774738026,53.149608,57.4147,22,5,24.121,0.0,0.0,0.0,-3.2,-2.1,0,0,0,5,83,17.769,99.32,6,1,74.5,54.166,49.34,135.0,9 mph,0 mph,69,1,1.5,67.1,47.8603250182422,-97.0676766962716,53.149608,0.009613236163183967
1673,2,1,152,2022-08-11 15:05:37,2022-08-11 10:05:37,47.8603260320504,-97.0676779148665,53.477692,57.4147,22,5,24.124,0.0,0.0,0.0,-3.2,-2.7,0,0,0,12,83,17.026,99.32,6,1,74.5,54.166,49.34,135.0,9 mph,0 mph,69,1,1.5,66.9,47.8603257280313,-97.0676774738026,53.149608,0.10987098197008632
1674,2,1,153,2022-08-11 15:05:38,2022-08-11 10:05:38,47.8603261289054,-97.0676778572564,53.477692,57.4147,22,5,24.136,0.0,0.0,0.0,-2.8,-2.2,0,0,0,16,83,16.317,99.32,6,1,74.5,54.166,49.34,135.0,9 mph,0 mph,69,1,1.5,67.0,47.8603260320504,-97.0676779148665,53.477692,0.00013455568261661868
1675,2,1,154,2022-08-11 15:05:39,2022-08-11 10:05:39,47.860326318088,-97.0676778995446,53.477692,57.086616,22,5,24.122,0.0,0.0,0.0,-2.4,-2.5,0,0,0,15,83,17.339,99.32,6,1,74.5,54.166,49.34,135.0,9 mph,0 mph,69,1,1.5,67.0,47.8603261289054,-97.0676778572564,53.477692,0.00045247381756682316
1676,2,1,155,2022-08-11 15:05:40,2022-08-11 10:05:40,47.8603263192916,-97.0676776086345,53.149608,57.086616,22,5,24.115,0.0,0.0,0.0,-2.5,-2.4,0,0,0,14,83,15.484,99.32,6,1,74.5,54.166,49.34,135.0,9 mph,0 mph,69,1,1.5,67.0,47.860326318088,-97.0676778995446,53.477692,0.1081129662452463
1677,2,1,156,2022-08-11 15:05:41,2022-08-11 10:05:41,47.8603264696628,-97.067677611086,52.821524,57.086616,22,5,24.111,0.0,0.0,0.0,-2.2,-2.6,0,0,0,18,83,17.761,99.32,6,1,74.5,54.166,49.34,135.0,9 mph,0 mph,69,1,1.5,67.0,47.8603263192916,-97.0676776086345,53.149608,0.10791868350990814
1678,2,1,157,2022-08-11 15:05:42,2022-08-11 10:05:42,47.8603264778483,-97.0676778760512,53.477692,57.4147,22,5,24.096,0.0,0.0,0.0,-1.8,-3.8,0,0,0,16,83,17.498,99.32,6,1,74.5,54.166,49.34,135.0,9 mph,0 mph,69,1,1.5,67.0,47.8603264696628,-97.067677611086,52.821524,0.4309503601178203
1679,2,1,158,2022-08-11 15:05:43,2022-08-11 10:05:43,47.8603263734888,-97.0676782356031,53.805776,57.086616,22,5,24.106,0.0,0.0,0.0,-0.3,-3.7,11,0,0,0,83,16.341,99.32,6,1,74.5,54.166,49.34,135.0,9 mph,0 mph,69,1,1.6,67.0,47.8603264778483,-97.0676778760512,53.477692,0.1084975788177136
1680,2,1,159,2022-08-11 15:05:44,2022-08-11 10:05:44,47.8603257139261,-97.0676783271254,53.477692,56.758532,22,5,24.092,-0.671082,0.0,0.0,-4.6,-3.6,25,0,0,0,83,17.341,99.32,6,1,74.5,54.166,49.34,135.0,9 mph,0 mph,69,1,1.6,66.8,47.8603263734888,-97.0676782356031,53.805776,0.1130640613988693
1681,2,1,160,2022-08-11 15:05:45,2022-08-11 10:05:45,47.8603198676502,-97.0676786883116,52.821524,56.758532,22,5,24.098,-1.789552,0.0,0.0,-3.9,-3.3,12,0,0,0,83,17.588,99.32,6,1,74.5,54.166,49.34,135.0,9 mph,0 mph,69,1,1.7,66.8,47.8603257139261,-97.0676783271254,53.477692,0.8538303071116402
1682,2,1,161,2022-08-11 15:05:46,2022-08-11 10:05:46,47.8603114303481,-97.0676794392847,52.821524,56.430448,22,5,24.098,-2.013246,0.0,0.0,0.5,-3.3,4,0,0,0,83,17.588,99.32,6,1,74.5,54.166,49.34,135.0,9 mph,0 mph,69,1,1.7,66.9,47.8603198676502,-97.0676786883116,52.821524,0.8832331606434575
1683,2,1,162,2022-08-11 15:05:47,2022-08-11 10:05:47,47.8603072139846,-97.0676796323395,53.477692,56.102364,22,5,24.105,-0.223694,0.0,0.0,0.9,-2.9,0,0,-3,0,83,16.348,99.32,6,1,74.5,54.166,49.34,135.0,9 mph,0 mph,69,1,1.7,66.9,47.8603114303481,-97.0676794392847,52.821524,0.6505454591131699
1684,2,1,163,2022-08-11 15:05:48,2022-08-11 10:05:48,47.8603066337347,-97.0676800546087,52.49344,55.446196,22,5,24.112,0.0,0.0,0.894776,0.0,-3.1,0,0,-14,0,83,15.231,99.32,6,1,74.5,54.166,49.34,135.0,9 mph,0 mph,69,1,1.8,66.8,47.8603072139846,-97.0676796323395,53.477692,0.973912758813925
1685,2,1,164,2022-08-11 15:05:49,2022-08-11 10:05:49,47.8603066186402,-97.0676798872945,51.509188,55.446196,22,5,24.071,0.0,0.0,0.0,-0.3,-2.2,0,10,0,0,83,17.347,99.32,6,1,74.5,54.166,49.34,135.0,9 mph,0 mph,69,1,1.8,66.6,47.8603066337347,-97.0676800546087,52.49344,0.9689115554285006
1686,2,1,165,2022-08-11 15:05:50,2022-08-11 10:05:50,47.860307615133,-97.0676829966013,51.509188,55.77428,22,5,24.074,0.0,-0.894776,0.0,-1.4,2.5,0,32,0,0,83,16.928,99.32,6,1,74.5,54.166,49.34,135.0,9 mph,0 mph,69,1,1.7,66.7,47.8603066186402,-97.0676798872945,51.509188,0.06640624936071682
1687,2,1,166,2022-08-11 15:05:51,2022-08-11 10:05:51,47.8603087030602,-97.0676972695856,51.837272,55.77428,22,5,24.073,0.223694,-3.131716,0.0,-1.4,1.9,0,29,-7,0,82,16.68,99.32,6,1,74.5,54.166,49.34,135.0,9 mph,0 mph,69,1,1.7,66.8,47.860307615133,-97.0676829966013,51.509188,1.2628927143320334
1688,2,1,167,2022-08-11 15:05:52,2022-08-11 10:05:52,47.8603100681843,-97.0677203487303,51.837272,54.13386,22,5,24.073,0.223694,-4.250186,0.223694,-1.8,-0.3,0,24,-10,0,82,16.68,99.32,6,1,74.5,54.166,49.34,135.0,9 mph,0 mph,69,1,1.7,66.6,47.8603087030602,-97.0676972695856,51.837272,3.005338492113268
1689,2,1,168,2022-08-11 15:05:53,2022-08-11 10:05:53,47.8603114116645,-97.0677479488311,50.85302,53.805776,22,5,24.064,0.223694,-4.697574,0.447388,-1.2,-0.4,0,24,-11,0,82,17.249,99.32,6,1,74.5,54.166,49.34,135.0,9 mph,0 mph,69,1,1.7,66.8,47.8603100681843,-97.0677203487303,51.837272,5.256204980789727
1690,2,1,169,2022-08-11 15:05:54,2022-08-11 10:05:54,47.860312990913,-97.0677814059502,49.868768,52.821524,22,5,24.046,0.223694,-5.144962,0.447388,-1.2,-0.6,0,21,-10,0,82,17.712,99.32,6,1,74.5,54.166,49.34,135.0,9 mph,0 mph,69,1,1.7,66.6,47.8603114116645,-97.0677479488311,50.85302,7.267006634657188
1691,2,1,170,2022-08-11 15:05:55,2022-08-11 10:05:55,47.8603140972929,-97.0678098164727,49.540684,52.165356,22,5,24.049,0.223694,-5.144962,0.0,-1.6,-2.6,0,18,-5,0,82,17.9,99.32,6,1,74.5,54.166,49.34,135.0,9 mph,0 mph,69,1,1.7,66.6,47.860312990913,-97.0677814059502,49.868768,4.642062469746726
1692,2,1,171,2022-08-11 15:05:56,2022-08-11 10:05:56,47.8603152897338,-97.0678397977873,49.540684,52.165356,22,5,24.053,0.0,-4.697574,0.0,-1.5,-1.6,0,18,-11,0,82,17.405,99.32,6,1,74.5,54.166,49.34,135.0,9 mph,0 mph,69,1,1.7,66.6,47.8603140972929,-97.0678098164727,49.540684,5.0504188692489285
1693,2,1,172,2022-08-11 15:05:57,2022-08-11 10:05:57,47.8603159915602,-97.0678706817609,48.556432,51.181104,22,5,24.066,0.0,-4.250186,0.447388,-1.1,-2.4,0,15,-12,0,82,17.942,99.32,6,1,74.5,54.166,49.34,135.0,9 mph,0 mph,69,1,1.6,66.6,47.8603152897338,-97.0678397977873,49.540684,6.315294712668867
1694,2,1,173,2022-08-11 15:05:58,2022-08-11 10:05:58,47.8603167747616,-97.067894073981,47.57218,50.524936,22,5,24.043,0.0,-4.026492,0.671082,-1.1,-2.4,0,13,-11,0,82,16.449,99.32,6,1,74.5,54.166,49.34,135.0,9 mph,0 mph,69,1,1.5,66.9,47.8603159915602,-97.0678706817609,48.556432,4.040094686919361
1695,2,1,174,2022-08-11 15:05:59,2022-08-11 10:05:59,47.8603174274151,-97.0679179791754,46.916012,49.868768,22,5,24.048,0.0,-3.802798,0.447388,0.3,-0.8,0,13,-14,0,82,16.532,99.32,6,1,74.5,54.166,49.34,135.0,9 mph,0 mph,69,1,1.5,67.1,47.8603167747616,-97.067894073981,47.57218,3.6354270371970103
1696,2,1,175,2022-08-11 15:06:00,2022-08-11 10:06:00,47.8603182458384,-97.0679423124612,45.93176,49.2126,22,5,24.049,0.0,-3.35541,0.447388,-0.2,-0.4,0,11,-13,0,82,16.481,99.32,6,1,74.5,54.166,49.34,135.0,9 mph,0 mph,69,1,1.5,67.2,47.8603174274151,-97.0679179791754,46.916012,4.292259631901887
1697,2,1,176,2022-08-11 15:06:01,2022-08-11 10:06:01,47.8603186435386,-97.0679603938345,45.275592,48.228348,22,5,24.033,0.0,-3.131716,0.447388,-1.0,-2.8,0,11,-12,0,82,17.019,99.32,6,1,74.5,54.166,49.34,135.0,9 mph,0 mph,69,1,1.5,67.4,47.8603182458384,-97.0679423124612,45.93176,2.263032132604582
1698,2,1,177,2022-08-11 15:06:02,2022-08-11 10:06:02,47.8603185683102,-97.0679780627446,44.619424,47.244096,22,5,24.027,0.0,-2.684328,0.447388,-0.7,-3.2,0,10,-12,0,82,17.636,99.32,6,1,74.5,54.166,49.34,135.0,9 mph,0 mph,69,1,1.5,67.3,47.8603186435386,-97.0679603938345,45.275592,2.1785854554858997
1699,2,1,178,2022-08-11 15:06:03,2022-08-11 10:06:03,47.8603186492269,-97.0679924461473,43.963256,46.587928,22,5,24.027,0.0,-2.013246,0.447388,-0.4,-12.5,0,0,-13,0,82,17.636,99.32,6,1,74.5,54.166,49.34,135.0,9 mph,0 mph,69,1,1.5,67.2,47.8603185683102,-97.0679780627446,44.619424,1.5889746068289634
1700,2,1,179,2022-08-11 15:06:04,2022-08-11 10:06:04,47.8603189934495,-97.0679972359498,43.635172,47.900264,22,5,24.025,0.0,-0.447388,0.0,-1.7,-1.5,0,20,-3,0,82,16.483,99.32,6,1,74.5,54.166,49.34,135.0,9 mph,0 mph,69,1,1.5,67.2,47.8603186492269,-97.0679924461473,43.963256,0.23755775087226533
1701,2,1,180,2022-08-11 15:06:05,2022-08-11 10:06:05,47.8603193566644,-97.0680041981818,43.307088,47.900264,21,5,24.019,0.0,-1.342164,0.0,-2.3,1.0,0,25,-4,0,82,16.804,99.32,6,1,74.5,54.166,49.34,135.0,9 mph,0 mph,69,1,1.5,67.1,47.8603189934495,-97.0679972359498,43.635172,0.3806693456708842
1702,2,1,181,2022-08-11 15:06:06,2022-08-11 10:06:06,47.8603195041272,-97.0680203188743,43.307088,46.259844,22,5,24.028,0.0,-2.684328,0.0,-1.6,-1.1,0,22,-3,0,82,16.975,99.32,6,1,74.5,54.166,49.34,135.0,9 mph,0 mph,69,1,1.5,67.2,47.8603193566644,-97.0680041981818,43.307088,1.4553228110918321
1703,2,1,182,2022-08-11 15:06:07,2022-08-11 10:06:07,47.8603193852643,-97.0680373203666,43.307088,46.259844,22,5,24.008,0.0,-3.579104,0.0,-1.7,-2.4,7,14,-2,0,82,17.495,99.32,6,1,74.5,54.166,49.34,135.0,9 mph,0 mph,69,1,1.5,67.2,47.8603195041272,-97.0680203188743,43.307088,1.6185744159317832
1704,2,1,183,2022-08-11 15:06:08,2022-08-11 10:06:08,47.8603188955279,-97.0680570530227,43.307088,46.587928,22,5,24.006,0.0,-3.131716,0.0,-2.1,-1.5,7,16,-2,0,82,17.602,99.32,6,1,74.5,54.166,49.34,135.0,9 mph,0 mph,69,1,1.6,67.1,47.8603193852643,-97.0680373203666,43.307088,2.1830972215652222
1705,2,1,184,2022-08-11 15:06:09,2022-08-11 10:06:09,47.8603176964006,-97.0680748193797,43.307088,46.587928,22,5,24.006,-0.223694,-3.131716,0.0,-1.3,-1.8,0,15,-2,0,82,17.602,99.32,6,1,74.5,54.166,49.34,135.0,9 mph,0 mph,69,1,1.6,67.0,47.8603188955279,-97.0680570530227,43.307088,1.785069170784724
1706,2,1,185,2022-08-11 15:06:10,2022-08-11 10:06:10,47.8603160901885,-97.068096213329,43.307088,46.259844,22,5,23.985,0.0,-3.131716,0.0,-0.9,-2.2,0,12,-1,0,82,17.628,99.32,6,1,74.5,54.166,49.34,135.0,9 mph,0 mph,69,1,1.7,67.1,47.8603176964006,-97.0680748193797,43.307088,2.594570597294912
1707,2,1,186,2022-08-11 15:06:11,2022-08-11 10:06:11,47.8603145485734,-97.0681157352593,43.307088,46.259844,22,5,24.001,-0.223694,-3.35541,0.0,-1.9,-2.4,12,17,-1,0,82,17.035,99.32,6,1,74.5,54.166,49.34,135.0,9 mph,0 mph,69,1,1.7,66.9,47.8603160901885,-97.068096213329,43.307088,2.163198513251702
1708,2,1,187,2022-08-11 15:06:12,2022-08-11 10:06:12,47.8603121858236,-97.0681376768102,42.979004,46.259844,22,5,24.007,-0.447388,-3.131716,0.223694,-1.2,-3.9,0,10,-9,0,81,17.406,99.32,6,1,74.5,54.166,49.34,135.0,9 mph,0 mph,69,1,1.7,66.9,47.8603145485734,-97.0681157352593,43.307088,2.87219908578202
1709,2,1,188,2022-08-11 15:06:13,2022-08-11 10:06:13,47.8603103815024,-97.0681532207891,42.65092,45.275592,22,5,23.991,-0.223694,-2.684328,0.0,-1.2,-3.1,0,10,-11,0,81,17.09,99.32,6,1,74.5,54.166,49.34,135.0,9 mph,0 mph,69,1,1.7,67.0,47.8603121858236,-97.0681376768102,42.979004,1.5006950241919053
1710,2,1,189,2022-08-11 15:06:14,2022-08-11 10:06:14,47.8603087768365,-97.0681693868337,42.322836,45.603676,22,5,23.97,-0.223694,-2.460634,0.0,-1.3,-3.5,0,10,-8,0,81,18.991,99.32,6,1,74.5,54.166,49.34,135.0,9 mph,0 mph,69,1,1.7,66.9,47.8603103815024,-97.0681532207891,42.65092,1.60272545092315
1711,2,1,190,2022-08-11 15:06:15,2022-08-11 10:06:15,47.8603079509944,-97.0681823361148,41.666668,45.275592,22,5,23.97,0.0,-2.23694,0.447388,-1.6,-3.7,0,10,-5,0,81,18.991,99.32,6,1,74.5,54.166,49.34,135.0,9 mph,0 mph,69,1,1.7,66.9,47.8603087768365,-97.0681693868337,42.322836,1.3778531328290828
1712,2,1,191,2022-08-11 15:06:16,2022-08-11 10:06:16,47.8603071526428,-97.0681972350456,41.338584,44.947508,22,5,23.964,0.0,-2.23694,0.0,-1.3,-2.6,1,12,-3,0,81,18.712,99.32,6,1,74.5,54.166,49.34,135.0,9 mph,0 mph,69,1,1.7,66.8,47.8603079509944,-97.0681823361148,41.666668,1.3583783988194884
1713,2,1,192,2022-08-11 15:06:17,2022-08-11 10:06:17,47.8603066377889,-97.0682092263048,41.338584,44.947508,22,5,24.017,0.0,-2.23694,0.0,-1.1,-2.3,6,18,-3,0,81,17.156,99.32,6,1,74.5,54.166,49.34,135.0,9 mph,0 mph,69,1,1.7,66.6,47.8603071526428,-97.0681972350456,41.338584,0.8083616114469154
1714,2,1,193,2022-08-11 15:06:18,2022-08-11 10:06:18,47.8603058912187,-97.0682289206568,41.338584,44.947508,22,5,23.969,0.0,-3.131716,0.0,-1.7,0.9,3,27,-4,0,81,17.488,99.32,6,1,74.5,54.166,49.34,135.0,9 mph,0 mph,69,1,1.6,66.8,47.8603066377889,-97.0682092263048,41.338584,2.178568035981654
1715,2,1,194,2022-08-11 15:06:19,2022-08-11 10:06:19,47.8603050921132,-97.0682503309497,41.338584,44.947508,22,5,23.965,0.0,-4.026492,0.0,-1.5,0.1,3,26,-3,0,81,17.777,99.32,6,1,74.5,54.166,49.34,135.0,9 mph,0 mph,69,1,1.7,66.6,47.8603058912187,-97.0682289206568,41.338584,2.574488393136693
1716,2,1,195,2022-08-11 15:06:20,2022-08-11 10:06:20,47.8603044449295,-97.0682783066393,41.0105,44.947508,22,5,23.967,0.0,-4.921268,0.223694,-1.3,-0.7,3,24,-22,0,81,17.447,99.32,6,1,74.5,54.166,49.34,135.0,9 mph,0 mph,69,1,1.6,66.8,47.8603050921132,-97.0682503309497,41.338584,4.494829192283173
1717,2,1,196,2022-08-11 15:06:21,2022-08-11 10:06:21,47.8603039464936,-97.0683118425125,40.026248,43.635172,21,5,23.971,0.0,-5.144962,0.223694,-1.3,-1.5,1,20,-4,0,81,21.149,99.32,6,1,74.5,54.166,49.34,135.0,9 mph,0 mph,69,1,1.6,67.1,47.8603044449295,-97.0682783066393,41.0105,7.268787350881408
1718,2,1,197,2022-08-11 15:06:22,2022-08-11 10:06:22,47.8603034988003,-97.0683394684559,40.026248,43.635172,22,5,23.971,0.0,-4.921268,0.0,-1.1,-1.6,2,20,-2,0,81,21.149,99.32,6,1,74.5,54.166,49.34,135.0,9 mph,0 mph,69,1,1.5,67.3,47.8603039464936,-97.0683118425125,40.026248,4.275608923353789
1719,2,1,198,2022-08-11 15:06:23,2022-08-11 10:06:23,47.8603033564197,-97.0683700560037,40.026248,43.307088,22,5,23.952,0.0,-4.921268,0.0,-1.6,-2.2,2,19,0,0,81,17.464,99.32,6,1,74.5,54.166,49.34,135.0,9 mph,0 mph,69,1,1.5,67.3,47.8603034988003,-97.0683394684559,40.026248,5.238682569369189
1720,2,1,199,2022-08-11 15:06:24,2022-08-11 10:06:24,47.8603029921618,-97.0684026685843,40.026248,43.635172,22,5,23.95,0.0,-4.697574,0.0,-1.4,-2.3,0,18,0,0,81,17.464,99.32,6,1,74.5,54.166,49.34,135.0,9 mph,0 mph,69,1,1.5,67.3,47.8603033564197,-97.0683700560037,40.026248,5.9566479212538175
1721,2,1,200,2022-08-11 15:06:25,2022-08-11 10:06:25,47.8603028015507,-97.0684287372186,40.026248,43.307088,22,5,23.95,0.0,-4.47388,0.0,-1.4,-2.3,1,18,0,0,81,17.464,99.32,6,1,74.5,54.166,49.34,135.0,9 mph,0 mph,69,1,1.5,67.5,47.8603029921618,-97.0684026685843,40.026248,3.805395650967038
1722,2,1,201,2022-08-11 15:06:26,2022-08-11 10:06:26,47.8603024866562,-97.0684567318049,40.026248,43.307088,22,5,23.948,0.0,-4.47388,0.0,-1.2,-1.7,2,22,0,0,81,17.282,99.32,6,1,74.5,54.166,49.34,135.0,9 mph,0 mph,69,1,1.5,67.2,47.8603028015507,-97.0684287372186,40.026248,4.38916005791262
1723,2,1,202,2022-08-11 15:06:27,2022-08-11 10:06:27,47.8603021022558,-97.0684824066688,40.026248,43.307088,22,5,23.948,0.0,-4.697574,0.0,-1.1,-1.5,2,21,0,0,81,17.282,99.32,6,1,74.5,54.166,49.34,135.0,9 mph,0 mph,69,1,1.6,67.0,47.8603024866562,-97.0684567318049,40.026248,3.6926929754902824
1724,2,1,203,2022-08-11 15:06:28,2022-08-11 10:06:28,47.8603019788419,-97.068514310156,40.026248,42.979004,22,5,23.936,0.0,-4.697574,0.0,-1.2,-2.2,4,19,0,0,81,17.678,99.32,6,1,74.5,54.166,49.34,135.0,9 mph,0 mph,69,1,1.6,67.2,47.8603021022558,-97.0684824066688,40.026248,5.699052648613477
1725,2,1,204,2022-08-11 15:06:29,2022-08-11 10:06:29,47.8603019257477,-97.0685428865626,40.026248,42.979004,22,5,23.934,0.0,-4.697574,0.0,-1.0,-2.5,0,19,0,0,81,17.628,99.5,6,1,74.5,54.166,49.34,135.0,9 mph,0 mph,69,1,1.6,67.0,47.8603019788419,-97.068514310156,40.026248,4.572256147103381
1726,2,1,205,2022-08-11 15:06:30,2022-08-11 10:06:30,47.8603019041318,-97.068573943162,40.026248,42.979004,22,5,23.927,0.0,-4.47388,0.0,-1.5,-1.5,1,22,0,0,81,17.48,99.5,6,1,74.5,54.166,49.34,135.0,9 mph,0 mph,69,1,1.6,67.0,47.8603019257477,-97.0685428865626,40.026248,5.400329692669561
1727,2,1,206,2022-08-11 15:06:31,2022-08-11 10:06:31,47.8603019369743,-97.0685998833997,40.026248,42.979004,21,5,23.927,0.0,-4.697574,0.0,-1.0,-1.6,3,22,0,0,81,17.48,99.5,6,1,74.5,54.166,49.34,135.0,9 mph,0 mph,69,1,1.7,67.1,47.8603019041318,-97.068573943162,40.026248,3.76757103829187
1728,2,1,207,2022-08-11 15:06:32,2022-08-11 10:06:32,47.8603021244457,-97.0686292663466,40.026248,42.979004,22,5,23.918,0.0,-4.697574,0.0,-1.3,-1.9,2,20,0,0,81,17.63,99.5,6,1,74.5,54.166,49.34,135.0,9 mph,0 mph,69,1,1.7,66.8,47.8603019369743,-97.0685998833997,40.026248,4.834390666637212
1729,2,1,208,2022-08-11 15:06:33,2022-08-11 10:06:33,47.8603019345564,-97.0686585736036,40.026248,43.307088,21,5,23.916,0.0,-4.697574,0.0,-0.8,-1.9,2,20,0,0,81,17.942,99.5,6,1,74.5,54.166,49.34,135.0,9 mph,0 mph,69,1,1.8,66.8,47.8603021244457,-97.0686292663466,40.026248,4.8095296654976645
1730,2,1,209,2022-08-11 15:06:34,2022-08-11 10:06:34,47.8603020091594,-97.0686880394925,40.026248,43.307088,21,5,23.916,0.0,-4.921268,0.0,-1.0,-1.2,3,24,0,0,81,17.942,99.5,6,1,74.5,54.166,49.34,135.0,9 mph,0 mph,69,1,1.8,66.7,47.8603019345564,-97.0686585736036,40.026248,4.86135402936044
1731,2,1,210,2022-08-11 15:06:35,2022-08-11 10:06:35,47.8603022201742,-97.0687195964005,40.026248,43.307088,21,5,23.921,0.0,-5.59235,0.0,-1.7,-2.4,2,22,0,0,81,17.266,99.5,6,1,74.5,54.166,49.34,135.0,9 mph,0 mph,69,1,1.7,66.6,47.8603020091594,-97.0686880394925,40.026248,5.576269673858837
1732,2,1,211,2022-08-11 15:06:36,2022-08-11 10:06:36,47.8603020971672,-97.0687521707787,40.026248,42.979004,22,5,23.895,0.0,-5.368656,0.0,-1.7,-0.2,2,24,0,0,81,18.108,99.5,6,1,74.5,54.166,49.34,135.0,9 mph,0 mph,69,1,1.7,66.6,47.8603022201742,-97.0687195964005,40.026248,5.941251652344246
1733,2,1,212,2022-08-11 15:06:37,2022-08-11 10:06:37,47.8603018314884,-97.0687857104313,40.026248,42.979004,22,5,23.902,0.0,-5.816044,0.0,-0.8,1.1,3,24,0,0,80,17.471,99.5,6,1,74.5,54.166,49.34,135.0,9 mph,0 mph,69,1,1.7,66.6,47.8603020971672,-97.0687521707787,40.026248,6.299256532802275
1734,2,1,213,2022-08-11 15:06:38,2022-08-11 10:06:38,47.8603015463888,-97.0688208689865,40.026248,42.322836,22,5,23.907,0.0,-5.816044,0.0,-0.8,-0.7,3,23,0,0,80,17.143,99.5,6,1,74.5,54.166,49.34,135.0,9 mph,0 mph,69,1,1.7,66.5,47.8603018314884,-97.0687857104313,40.026248,6.922087800127995
1735,2,1,214,2022-08-11 15:06:39,2022-08-11 10:06:39,47.8603012666798,-97.0688519902952,40.026248,41.666668,22,5,23.907,0.0,-5.59235,0.0,-1.3,-0.5,3,24,0,0,80,17.143,99.5,6,1,74.5,54.166,49.34,135.0,9 mph,0 mph,69,1,1.6,66.4,47.8603015463888,-97.0688208689865,40.026248,5.423818836508753
1736,2,1,215,2022-08-11 15:06:40,2022-08-11 10:06:40,47.8603003411685,-97.0688905736331,40.026248,40.682416,22,5,23.907,0.0,-5.816044,0.0,-1.0,-0.7,3,23,1,0,80,16.878,99.5,6,1,74.5,54.166,49.34,135.0,9 mph,0 mph,69,1,1.6,66.6,47.8603012666798,-97.0688519902952,40.026248,8.345704995784402
1737,2,1,216,2022-08-11 15:06:41,2022-08-11 10:06:41,47.8602995535724,-97.0689251702863,40.026248,40.354332,22,5,23.898,0.0,-5.59235,0.0,-0.6,-1.0,0,21,12,0,80,16.845,99.5,6,1,74.5,54.166,49.34,135.0,9 mph,0 mph,69,1,1.6,67.0,47.8603003411685,-97.0688905736331,40.026248,6.709295158753246
1738,2,1,217,2022-08-11 15:06:42,2022-08-11 10:06:42,47.8602989284929,-97.0689594239352,40.682416,41.0105,22,5,23.89,0.0,-5.59235,-0.671082,-0.6,-0.6,0,23,3,0,80,19.577,99.5,6,1,74.5,54.166,49.34,135.0,9 mph,0 mph,69,1,1.6,67.1,47.8602995535724,-97.0689251702863,40.026248,7.004787328759379
1739,2,1,218,2022-08-11 15:06:43,2022-08-11 10:06:43,47.8602985768002,-97.0689935462252,41.0105,41.0105,22,5,23.897,0.0,-5.59235,0.0,-0.6,-0.5,0,23,0,0,80,17.382,99.5,6,1,74.5,54.166,49.34,135.0,9 mph,0 mph,69,1,1.5,67.2,47.8602989284929,-97.0689594239352,40.682416,6.628279617857546
1740,2,1,219,2022-08-11 15:06:44,2022-08-11 10:06:44,47.8602979559376,-97.0690270356221,41.0105,41.338584,22,5,23.89,0.0,-5.59235,0.0,-0.4,-1.0,0,19,0,0,80,17.463,99.5,6,1,74.5,54.166,49.34,135.0,9 mph,0 mph,69,1,1.5,67.2,47.8602985768002,-97.0689935462252,41.0105,6.284289436101531
1741,2,1,220,2022-08-11 15:06:45,2022-08-11 10:06:45,47.8602975328865,-97.0690560996191,41.0105,41.338584,22,5,23.88,0.0,-2.684328,0.0,-0.4,-16.9,0,0,0,0,80,18.065,99.5,6,1,74.5,54.166,49.34,135.0,9 mph,0 mph,69,1,1.5,67.1,47.8602979559376,-97.0690270356221,41.0105,4.731794578670817
1742,2,1,221,2022-08-11 15:06:46,2022-08-11 10:06:46,47.860297413122,-97.0690611062251,41.0105,43.963256,22,5,23.885,0.0,-0.447388,0.0,-0.7,-8.5,0,-29,0,0,80,17.167,99.5,6,1,74.5,54.166,49.34,135.0,9 mph,0 mph,69,1,1.5,67.0,47.8602975328865,-97.0690560996191,41.0105,0.14052296136423004
1743,2,1,222,2022-08-11 15:06:47,2022-08-11 10:06:47,47.8602976819941,-97.0690559549799,41.0105,44.29134,22,5,23.876,0.0,1.565858,0.0,-0.2,-8.6,0,-25,0,0,80,17.695,99.5,6,1,74.5,54.166,49.34,135.0,9 mph,0 mph,69,1,1.6,67.1,47.860297413122,-97.0690611062251,41.0105,0.14946557501358224
1744,2,1,223,2022-08-11 15:06:48,2022-08-11 10:06:48,47.8602980666193,-97.0690411668767,41.0105,44.619424,22,5,23.866,0.0,2.684328,0.0,-0.7,2.0,0,0,0,0,80,18.207,99.5,6,1,74.5,54.166,49.34,135.0,9 mph,0 mph,69,1,1.6,66.9,47.8602976819941,-97.0690559549799,41.0105,1.2262675226776878
1745,2,1,224,2022-08-11 15:06:49,2022-08-11 10:06:49,47.8602983730778,-97.0690364886172,41.338584,41.666668,22,5,23.881,0.0,0.223694,0.0,-0.9,-2.8,0,0,0,0,80,16.424,99.5,6,1,74.5,54.166,49.34,135.0,9 mph,0 mph,69,1,1.6,66.9,47.8602980666193,-97.0690411668767,41.0105,0.231340968128638
1746,2,1,225,2022-08-11 15:06:50,2022-08-11 10:06:50,47.8602984045026,-97.0690364431116,41.0105,41.666668,22,5,23.873,0.0,-0.223694,0.0,-1.7,-0.7,0,24,0,0,80,16.779,99.5,6,1,74.5,54.166,49.34,135.0,9 mph,0 mph,69,1,1.6,66.9,47.8602983730778,-97.0690364886172,41.338584,0.10766291365781151
1747,2,1,226,2022-08-11 15:06:51,2022-08-11 10:06:51,47.8602982374285,-97.0690420256655,41.338584,41.666668,22,5,23.873,0.0,-1.565858,0.0,-1.2,0.0,0,25,0,0,80,16.779,99.5,6,1,74.5,54.166,49.34,135.0,9 mph,0 mph,69,1,1.6,66.8,47.8602984045026,-97.0690364431116,41.0105,0.2824771637119531
1748,2,1,227,2022-08-11 15:06:52,2022-08-11 10:06:52,47.8602978050054,-97.0690556890966,41.338584,41.666668,22,5,23.864,0.0,-2.460634,0.0,-1.3,-2.4,0,12,0,0,80,17.002,99.5,6,1,74.5,54.166,49.34,135.0,9 mph,0 mph,69,1,1.6,66.8,47.8602982374285,-97.0690420256655,41.338584,1.0475892317941016
1749,2,1,228,2022-08-11 15:06:53,2022-08-11 10:06:53,47.8602975760455,-97.0690724958995,41.338584,45.275592,22,5,23.864,0.0,-2.460634,0.0,-2.0,-2.6,0,15,0,0,80,16.952,99.5,6,1,74.5,54.166,49.34,135.0,9 mph,0 mph,69,1,1.6,66.8,47.8602978050054,-97.0690556890966,41.338584,1.582195783055036
1750,2,1,229,2022-08-11 15:06:54,2022-08-11 10:06:54,47.8602971851258,-97.0690888606171,41.0105,43.635172,22,5,23.862,0.0,-2.908022,0.0,-1.6,-2.8,0,10,0,0,80,16.961,99.5,6,1,74.5,54.166,49.34,135.0,9 mph,0 mph,69,1,1.7,66.7,47.8602975760455,-97.0690724958995,41.338584,1.608968435668601
1751,2,1,230,2022-08-11 15:06:55,2022-08-11 10:06:55,47.8602967913321,-97.0691058838661,41.0105,42.979004,22,5,23.862,0.0,-2.684328,0.0,-1.0,-3.1,0,17,0,0,80,16.961,99.5,6,1,74.5,54.166,49.34,135.0,9 mph,0 mph,69,1,1.7,66.7,47.8602971851258,-97.0690888606171,41.0105,1.624463039637579
1752,2,1,231,2022-08-11 15:06:56,2022-08-11 10:06:56,47.8602968411067,-97.0691244363342,41.0105,43.307088,22,5,23.849,0.0,-2.684328,0.0,-1.4,-2.5,0,18,0,0,80,17.579,99.5,6,1,74.5,54.166,49.34,135.0,9 mph,0 mph,69,1,1.8,66.7,47.8602967913321,-97.0691058838661,41.0105,1.9271804642539185
1753,2,1,232,2022-08-11 15:06:57,2022-08-11 10:06:57,47.8602964569719,-97.0691405519447,41.0105,43.963256,22,5,23.842,0.0,-3.131716,0.0,-1.1,-1.6,0,18,0,0,80,17.827,99.5,6,1,74.5,54.166,49.34,135.0,9 mph,0 mph,69,1,1.8,66.6,47.8602968411067,-97.0691244363342,41.0105,1.455962226157165
1754,2,1,233,2022-08-11 15:06:58,2022-08-11 10:06:58,47.8602965660752,-97.0691605865939,41.0105,43.963256,22,5,23.835,0.0,-3.131716,0.0,-1.9,-3.0,0,13,0,0,79,18.008,99.5,6,1,74.5,54.166,49.34,135.0,9 mph,0 mph,69,1,1.7,66.6,47.8602964569719,-97.0691405519447,41.0105,2.2475223638767483
1755,2,1,234,2022-08-11 15:06:59,2022-08-11 10:06:59,47.8602961172511,-97.069179617792,41.0105,44.29134,22,5,23.827,0.0,-3.131716,0.0,-1.3,-1.9,0,21,0,0,79,17.538,99.5,6,1,74.5,54.166,49.34,135.0,9 mph,0 mph,69,1,1.7,66.5,47.8602965660752,-97.0691605865939,41.0105,2.0303802346876014
1756,2,1,235,2022-08-11 15:07:00,2022-08-11 10:07:00,47.8602957979683,-97.069201025097,41.0105,44.29134,22,5,23.836,0.0,-3.579104,0.0,-1.2,-2.1,0,18,0,0,79,17.736,99.5,6,1,74.5,54.166,49.34,135.0,9 mph,0 mph,69,1,1.7,66.6,47.8602961172511,-97.069179617792,41.0105,2.5671388591162976
1757,2,1,236,2022-08-11 15:07:01,2022-08-11 10:07:01,47.8602953853513,-97.0692237335813,41.0105,44.29134,22,5,23.826,0.0,-3.579104,0.0,-0.9,-3.1,0,15,0,0,79,18.33,99.5,6,1,74.5,54.166,49.34,135.0,9 mph,0 mph,69,1,1.7,66.6,47.8602957979683,-97.069201025097,41.0105,2.889381512132047
1758,2,1,237,2022-08-11 15:07:02,2022-08-11 10:07:02,47.8602951372899,-97.0692459190044,41.0105,44.29134,22,5,23.823,0.0,-3.802798,0.0,-1.5,-1.7,0,24,0,0,79,18.297,99.5,6,1,74.5,54.166,49.34,135.0,9 mph,0 mph,69,1,1.7,66.6,47.8602953853513,-97.0692237335813,41.0105,2.7565598209609363
1759,2,1,238,2022-08-11 15:07:03,2022-08-11 10:07:03,47.860295079272,-97.0692705325008,41.0105,43.963256,22,5,23.816,0.0,-4.026492,0.0,-2.3,-2.3,0,0,0,0,79,18.124,99.5,6,1,74.5,54.166,49.34,135.0,9 mph,0 mph,69,1,1.6,66.5,47.8602951372899,-97.0692459190044,41.0105,3.3920642700585146
1760,2,1,239,2022-08-11 15:07:04,2022-08-11 10:07:04,47.8602946296619,-97.0692928252274,41.0105,42.979004,22,5,23.824,0.0,-3.131716,0.0,-1.1,-2.1,0,10,0,0,79,16.968,99.5,6,1,74.5,54.166,49.34,135.0,9 mph,0 mph,69,1,1.6,66.6,47.860295079272,-97.0692705325008,41.0105,2.7850204700066836
1761,2,1,240,2022-08-11 15:07:05,2022-08-11 10:07:05,47.8602941577592,-97.0693120110737,41.0105,42.979004,22,5,23.817,0.0,-2.908022,0.0,-1.3,-3.5,0,0,0,0,79,17.819,99.5,6,1,74.5,54.166,49.34,135.0,9 mph,0 mph,69,1,1.6,66.8,47.8602946296619,-97.0692928252274,41.0105,2.063734404548866
1762,2,1,241,2022-08-11 15:07:06,2022-08-11 10:07:06,47.8602935722985,-97.0693225485732,41.0105,41.994752,22,5,23.81,0.0,-0.671082,0.0,-0.6,-5.2,0,-21,0,0,79,18.164,99.5,6,1,74.5,54.166,49.34,135.0,9 mph,0 mph,69,1,1.6,67.2,47.8602941577592,-97.0693120110737,41.0105,0.6259466617468878
1763,2,1,242,2022-08-11 15:07:07,2022-08-11 10:07:07,47.8602933458208,-97.0693227729863,41.0105,42.65092,22,5,23.803,0.0,0.671082,0.0,-0.4,-7.0,0,-13,0,0,79,17.818,99.5,6,1,74.5,54.166,49.34,135.0,9 mph,0 mph,69,1,1.5,67.2,47.8602935722985,-97.0693225485732,41.0105,0.000916082273270995
1764,2,1,243,2022-08-11 15:07:08,2022-08-11 10:07:08,47.860293326882,-97.0693165225292,41.0105,43.307088,22,5,23.81,0.0,1.11847,0.0,-0.5,-6.2,0,-18,0,0,79,17.671,99.5,6,1,74.5,54.166,49.34,135.0,9 mph,0 mph,69,1,1.5,67.3,47.8602933458208,-97.0693227729863,41.0105,0.2187482125224668
1765,2,1,244,2022-08-11 15:07:09,2022-08-11 10:07:09,47.8602936708519,-97.0693101557032,41.0105,43.635172,22,5,23.81,0.0,0.894776,0.0,-0.7,-0.3,0,-7,0,0,79,17.671,99.5,6,1,74.5,54.166,49.34,135.0,9 mph,0 mph,69,1,1.5,67.3,47.860293326882,-97.0693165225292,41.0105,0.22842728821146654
1766,2,1,245,2022-08-11 15:07:10,2022-08-11 10:07:10,47.8602938415946,-97.0693046720265,41.0105,38.057744,22,5,23.797,0.0,0.671082,0.0,-0.3,-4.2,0,-6,0,0,79,18.182,99.5,6,1,74.5,54.166,49.34,135.0,9 mph,0 mph,69,1,1.5,67.3,47.8602936708519,-97.0693101557032,41.0105,0.1687269671368394
1767,2,1,246,2022-08-11 15:07:11,2022-08-11 10:07:11,47.8602937939467,-97.0693000543897,41.0105,36.08924,22,5,23.796,0.0,0.223694,0.0,-0.3,-2.5,0,0,0,0,79,16.994,99.5,6,1,74.5,54.166,49.34,135.0,9 mph,0 mph,69,1,1.5,67.0,47.8602938415946,-97.0693046720265,41.0105,0.11941359594730089
1768,2,1,247,2022-08-11 15:07:12,2022-08-11 10:07:12,47.8602937362286,-97.0692990579357,41.0105,35.104988,22,5,23.792,0.0,0.0,0.0,-0.5,-3.1,0,0,0,-46,79,17.653,99.5,6,1,74.5,54.166,49.34,135.0,9 mph,0 mph,69,1,1.5,67.2,47.8602937939467,-97.0693000543897,41.0105,0.005600568635147512
1769,2,1,248,2022-08-11 15:07:13,2022-08-11 10:07:13,47.8602944899584,-97.0692992725688,40.682416,35.433072,22,5,23.789,0.0,0.0,0.0,-2.1,-3.1,0,0,0,-45,79,16.722,99.5,6,1,74.5,54.166,49.34,135.0,9 mph,0 mph,69,1,1.5,67.3,47.8602937362286,-97.0692990579357,41.0105,0.11492039008840765
1770,2,1,249,2022-08-11 15:07:14,2022-08-11 10:07:14,47.8602949669605,-97.0692995039282,40.682416,35.761156,22,5,23.798,0.0,0.0,0.0,-3.0,-1.8,0,0,0,-38,79,16.912,99.5,6,1,74.5,54.166,49.34,135.0,9 mph,0 mph,69,1,1.5,67.0,47.8602944899584,-97.0692992725688,40.682416,0.0031125935662294577
1771,2,1,250,2022-08-11 15:07:15,2022-08-11 10:07:15,47.860295482699,-97.0693006742849,40.682416,35.761156,22,5,23.783,0.0,0.0,0.447388,-4.4,-2.0,-4,0,-39,-28,79,17.282,99.5,6,1,74.5,54.166,49.34,135.0,9 mph,0 mph,69,1,1.5,67.3,47.8602949669605,-97.0692995039282,40.682416,0.010957477602794082
1772,2,1,251,2022-08-11 15:07:16,2022-08-11 10:07:16,47.8602970775497,-97.0693054377092,36.417324,31.496064,22,5,23.819,0.447388,-1.565858,4.026492,5.5,0.2,-39,6,-60,-19,79,9.643,99.5,6,1,74.5,54.166,49.34,135.0,9 mph,0 mph,69,1,1.5,67.2,47.860295482699,-97.0693006742849,40.682416,18.349497826087376
1773,2,1,252,2022-08-11 15:07:17,2022-08-11 10:07:17,47.8602982165728,-97.0693285239283,30.183728,30.839896,22,5,23.806,-0.223694,-5.144962,3.579104,6.0,5.1,-52,7,-47,-21,79,16.58,99.5,6,1,74.5,54.166,49.34,135.0,9 mph,0 mph,69,1,1.5,67.0,47.8602970775497,-97.0693054377092,36.417324,41.85788789406592
1774,2,1,253,2022-08-11 15:07:18,2022-08-11 10:07:18,47.8602951317364,-97.0693660853914,26.24672,30.183728,22,5,23.781,-0.671082,-7.82929,2.013246,2.4,1.5,-31,-9,-29,-13,79,21.223,99.5,6,1,74.5,54.166,49.34,135.0,9 mph,0 mph,69,1,1.5,67.0,47.8602982165728,-97.0693285239283,30.183728,23.517132389878242
1775,2,1,254,2022-08-11 15:07:19,2022-08-11 10:07:19,47.8602907775431,-97.0694178177941,23.293964,27.230972,22,5,23.767,-0.671082,-7.605596,1.565858,-1.3,0.0,-8,-18,-26,-7,79,18.115,99.5,6,1,74.5,54.166,49.34,135.0,9 mph,0 mph,69,1,1.5,67.1,47.8602951317364,-97.0693660853914,26.24672,23.937486583496074
1776,2,1,255,2022-08-11 15:07:20,2022-08-11 10:07:20,47.860288336299,-97.0694596675503,20.669292,21.981628,22,5,23.767,-0.223694,-5.368656,1.342164,-16.1,1.1,-8,0,-25,0,78,17.489,99.5,6,1,74.5,54.166,49.34,135.0,9 mph,0 mph,69,1,1.6,67.0,47.8602907775431,-97.0694178177941,23.293964,16.76872046500821
1777,2,1,256,2022-08-11 15:07:21,2022-08-11 10:07:21,47.8602866940938,-97.0694832442641,18.372704,18.700788,22,5,23.767,-0.223694,-4.697574,1.789552,0.5,0.4,-27,-1,-30,0,78,17.489,99.5,6,1,74.5,54.166,49.34,135.0,9 mph,0 mph,69,1,1.6,67.0,47.860288336299,-97.0694596675503,20.669292,8.419937537511265
1778,2,1,257,2022-08-11 15:07:22,2022-08-11 10:07:22,47.8602851590677,-97.069516358235,15.748032,15.091864,22,5,23.76,-0.223694,-4.250186,2.013246,-18.7,1.0,-17,-3,-28,-17,78,18.007,99.5,6,1,74.5,54.166,49.34,135.0,9 mph,0 mph,69,1,1.6,67.1,47.8602866940938,-97.0694832442641,18.372704,13.057558790897744
1779,2,1,258,2022-08-11 15:07:23,2022-08-11 10:07:23,47.8602843295259,-97.0695304502549,13.779528,10.826772,22,5,23.732,0.0,-2.908022,1.11847,3.3,-0.6,-29,-14,-20,-26,78,22.195,99.5,6,1,74.5,54.166,49.34,135.0,9 mph,0 mph,69,1,1.6,67.0,47.8602851590677,-97.069516358235,15.748032,4.995397486404292
1780,2,1,259,2022-08-11 15:07:24,2022-08-11 10:07:24,47.8602818654447,-97.0695491877465,12.795276,12.795276,22,5,23.732,-1.11847,-2.684328,0.671082,-0.6,8.0,0,-5,-23,-77,78,22.195,99.5,6,1,74.5,54.166,49.34,135.0,9 mph,0 mph,69,1,1.6,67.0,47.8602843295259,-97.0695304502549,13.779528,3.0095958786908468
1781,2,1,260,2022-08-11 15:07:25,2022-08-11 10:07:25,47.8602774850065,-97.0695608116082,10.498688,9.84252,22,5,23.765,-0.223694,-1.11847,1.342164,-7.6,4.5,41,0,-42,-2,78,16.103,99.5,6,1,74.5,54.166,49.34,135.0,9 mph,0 mph,69,1,1.6,66.7,47.8602818654447,-97.0695491877465,12.795276,6.268042081355442
1782,2,1,261,2022-08-11 15:07:26,2022-08-11 10:07:26,47.8602826853367,-97.0695633128752,7.545932,6.889764,22,5,23.762,1.342164,0.223694,1.342164,-0.2,5.7,0,3,-40,0,78,16.676,99.5,6,1,74.5,54.166,49.34,135.0,9 mph,0 mph,69,1,1.6,67.2,47.8602774850065,-97.0695608116082,10.498688,9.088126790578855
1783,2,1,262,2022-08-11 15:07:27,2022-08-11 10:07:27,47.8602853092237,-97.0695612087344,5.577428,4.92126,22,5,23.762,0.223694,0.223694,1.11847,1.1,2.9,0,-3,-94,0,78,16.676,99.5,6,1,74.5,54.166,49.34,135.0,9 mph,0 mph,69,1,1.5,67.4,47.8602826853367,-97.0695633128752,7.545932,3.984911555482114
1784,2,1,263,2022-08-11 15:07:28,2022-08-11 10:07:28,47.8602861460461,-97.0695594868166,4.265092,3.608924,22,5,23.752,0.0,0.0,0.671082,1.1,1.8,0,0,-100,0,78,19.538,99.5,6,1,74.5,54.166,49.34,135.0,9 mph,0 mph,69,1,1.5,66.9,47.8602853092237,-97.0695612087344,5.577428,1.7474841238623444
1785,2,1,264,2022-08-11 15:07:29,2022-08-11 10:07:29,47.8602859622199,-97.0695592227096,3.28084,2.624672,22,5,23.718,0.0,0.0,0.223694,-0.3,1.6,0,0,-100,0,78,18.677,99.5,6,1,74.5,54.166,49.34,135.0,9 mph,0 mph,69,1,1.5,67.0,47.8602861460461,-97.0695594868166,4.265092,0.9695603061315051
1786,2,1,265,2022-08-11 15:07:30,2022-08-11 10:07:30,47.8602857618973,-97.0695595147921,2.952756,2.624672,22,5,23.718,0.0,0.0,0.0,-1.6,2.3,-1,0,-100,92,78,18.677,99.5,33,1,74.5,54.166,49.34,135.0,9 mph,0 mph,69,1,1.6,67.0,47.8602859622199,-97.0695592227096,3.28084,0.10861287985982296
1787,2,1,266,2022-08-11 15:07:31,2022-08-11 10:07:31,47.8602849829161,-97.0695591123027,1.64042,0.984252,22,5,23.731,0.0,0.0,0.894776,-1.6,0.0,0,0,-100,4,78,19.898,99.68,33,1,74.5,54.166,49.34,135.0,9 mph,0 mph,69,1,1.6,66.7,47.8602857618973,-97.0695595147921,2.952756,1.730634627049819
1788,2,1,267,2022-08-11 15:07:32,2022-08-11 10:07:32,47.860284480184,-97.0695587734684,0.656168,0.328084,21,5,23.704,0.0,0.0,0.223694,-0.5,-2.0,0,0,-100,0,78,20.136,99.68,33,1,74.5,54.166,49.34,135.0,9 mph,0 mph,69,1,1.6,67.0,47.8602849829161,-97.0695591123027,1.64042,0.9725193551439584
1789,2,1,268,2022-08-11 15:07:33,2022-08-11 10:07:33,47.8602844377264,-97.0695590386961,0.656168,0.0,21,5,23.752,0.0,0.0,0.0,2.7,0.0,0,0,-100,0,78,15.434,99.68,33,1,74.5,54.166,49.34,135.0,9 mph,0 mph,69,1,1.6,67.2,47.860284480184,-97.0695587734684,0.656168,0.0004161529814509876
1790,2,1,269,2022-08-11 15:07:34,2022-08-11 10:07:34,47.8602844378528,-97.0695590189787,0.656168,0.0,21,5,23.752,0.0,0.0,0.0,2.8,0.0,0,0,-100,0,78,15.434,99.68,33,1,74.5,54.166,49.34,135.0,9 mph,0 mph,69,1,1.6,67.2,47.8602844377264,-97.0695590386961,0.656168,2.1769637867213695e-06
